attraction_id,attraction_name,city,visit_date,visitors_count,revenue,average_rating
1,Eiffel Tower,Paris,2024-11-10,64,4195.84,3.35
2,Statue of Liberty,New York,2024-05-14,884,40133.6,3.68
3,Eiffel Tower,Paris,2025-02-17,192,17383.68,4.02
4,Burj Khalifa,Dubai,2024-08-30,257,10752.880000000001,4.68
5,Eiffel Tower,Paris,2025-02-20,848,52236.8,3.45
6,Burj Khalifa,Dubai,2024-05-25,399,16315.11,3.85
7,Statue of Liberty,New York,2024-09-06,777,47319.299999999996,4.48
8,Eiffel Tower,Paris,2025-01-24,971,89535.90999999999,4.25
9,Eiffel Tower,Paris,2024-03-17,100,9276.0,3.07
10,Statue of Liberty,New York,2025-01-17,927,75504.15000000001,3.26
11,Great Wall,Beijing,2024-11-07,56,4653.04,4.38
12,Eiffel Tower,Paris,2025-01-07,494,8062.08,3.98
13,Eiffel Tower,Paris,2025-01-06,215,10702.7,4.12
14,Burj Khalifa,Dubai,2024-10-30,679,56968.100000000006,4.75
15,Sydney Opera House,Sydney,2024-07-04,284,25619.64,4.51
16,Sydney Opera House,Sydney,2024-03-15,618,56676.78,3.44
17,Statue of Liberty,New York,2024-07-20,353,29630.82,4.04
18,Great Wall,Beijing,2024-05-04,644,6517.28,4.11
19,Statue of Liberty,New York,2024-05-04,97,9267.380000000001,3.12
20,Statue of Liberty,New York,2024-05-01,925,78514.0,4.75
21,Statue of Liberty,New York,2024-12-23,88,3074.72,3.56
22,Sydney Opera House,Sydney,2024-04-05,316,10718.720000000001,3.11
23,Statue of Liberty,New York,2024-04-12,477,8523.99,3.09
24,Statue of Liberty,New York,2024-12-01,196,12171.6,3.83
25,Eiffel Tower,Paris,2024-09-18,522,19136.519999999997,4.25
26,Sydney Opera House,Sydney,2025-02-02,345,4236.599999999999,4.26
27,Sydney Opera House,Sydney,2024-08-26,662,6931.14,3.64
28,Eiffel Tower,Paris,2024-05-08,750,55762.49999999999,3.22
29,Burj Khalifa,Dubai,2024-03-14,657,45786.33,4.0
30,Great Wall,Beijing,2024-07-31,954,74421.54000000001,4.3
31,Great Wall,Beijing,2024-05-30,166,7436.799999999999,3.99
32,Burj Khalifa,Dubai,2025-01-25,306,19981.8,3.58
33,Statue of Liberty,New York,2025-02-04,854,16405.34,3.39
34,Statue of Liberty,New York,2024-04-23,545,19750.8,3.0
35,Burj Khalifa,Dubai,2024-06-22,242,17172.32,3.49
36,Great Wall,Beijing,2025-01-08,441,21904.47,3.98
37,Statue of Liberty,New York,2024-04-29,79,5229.01,3.03
38,Eiffel Tower,Paris,2024-09-09,69,2463.9900000000002,4.7
39,Burj Khalifa,Dubai,2025-02-09,679,36564.15,4.93
40,Eiffel Tower,Paris,2025-02-26,562,41672.3,3.79
41,Statue of Liberty,New York,2024-12-24,248,5103.839999999999,4.11
42,Statue of Liberty,New York,2024-04-15,395,28831.05,4.4
43,Statue of Liberty,New York,2024-08-31,909,14425.83,4.02
44,Burj Khalifa,Dubai,2025-02-08,698,54192.72,3.79
45,Burj Khalifa,Dubai,2024-04-29,962,34641.619999999995,3.87
46,Great Wall,Beijing,2024-07-04,623,53702.6,3.15
47,Sydney Opera House,Sydney,2024-10-16,480,23136.0,3.95
48,Statue of Liberty,New York,2024-08-12,987,86954.7,3.5
49,Statue of Liberty,New York,2024-06-19,812,21388.079999999998,4.37
50,Statue of Liberty,New York,2024-09-12,360,21722.4,3.16
51,Sydney Opera House,Sydney,2025-03-06,764,38039.56,4.28
52,Great Wall,Beijing,2025-02-09,256,17428.48,4.29
53,Eiffel Tower,Paris,2024-04-23,561,49760.700000000004,3.04
54,Great Wall,Beijing,2024-06-13,292,23634.48,3.34
55,Sydney Opera House,Sydney,2024-07-29,706,68644.38,4.53
56,Statue of Liberty,New York,2024-08-01,408,6760.56,4.73
57,Statue of Liberty,New York,2024-10-04,136,11035.04,3.1
58,Statue of Liberty,New York,2025-01-22,357,6008.3099999999995,3.07
59,Statue of Liberty,New York,2024-07-14,814,41432.6,4.08
60,Eiffel Tower,Paris,2024-04-08,889,62576.71,4.5
61,Burj Khalifa,Dubai,2024-07-17,104,3942.6399999999994,4.56
62,Sydney Opera House,Sydney,2024-06-21,182,6091.54,3.16
63,Statue of Liberty,New York,2024-12-24,780,57720.0,4.77
64,Statue of Liberty,New York,2024-05-21,944,78937.28,4.52
65,Sydney Opera House,Sydney,2024-04-23,538,21600.7,4.86
66,Statue of Liberty,New York,2024-03-13,76,2898.64,3.7
67,Eiffel Tower,Paris,2024-11-06,180,8049.599999999999,3.66
68,Sydney Opera House,Sydney,2024-08-31,629,56031.32,3.51
69,Sydney Opera House,Sydney,2024-08-01,218,15874.759999999998,3.51
70,Statue of Liberty,New York,2024-04-11,161,13837.95,4.86
71,Sydney Opera House,Sydney,2025-02-21,493,18226.21,4.03
72,Great Wall,Beijing,2024-03-21,181,13225.669999999998,4.51
73,Statue of Liberty,New York,2024-08-01,97,5865.59,4.16
74,Sydney Opera House,Sydney,2024-03-09,197,15182.789999999999,4.06
75,Burj Khalifa,Dubai,2024-03-20,890,56595.100000000006,3.27
76,Great Wall,Beijing,2024-08-06,630,19687.5,4.29
77,Eiffel Tower,Paris,2024-08-19,252,21316.68,3.08
78,Great Wall,Beijing,2025-01-06,498,12619.32,4.1
79,Great Wall,Beijing,2024-06-10,159,3501.18,3.91
80,Eiffel Tower,Paris,2025-01-02,962,26002.86,3.19
81,Great Wall,Beijing,2024-07-09,618,26895.36,4.43
82,Statue of Liberty,New York,2024-06-12,314,19235.64,3.91
83,Burj Khalifa,Dubai,2024-11-03,305,17278.25,4.58
84,Great Wall,Beijing,2024-10-10,445,40352.600000000006,3.97
85,Statue of Liberty,New York,2024-05-17,877,70922.99,3.85
86,Statue of Liberty,New York,2024-12-27,941,91389.92,3.71
87,Burj Khalifa,Dubai,2024-11-10,392,27604.64,4.45
88,Eiffel Tower,Paris,2024-06-03,680,31749.199999999997,4.73
89,Eiffel Tower,Paris,2025-02-13,244,22274.760000000002,3.96
90,Eiffel Tower,Paris,2024-08-30,449,35834.69,4.16
91,Eiffel Tower,Paris,2024-07-17,553,5712.49,4.89
92,Sydney Opera House,Sydney,2024-08-20,352,25203.199999999997,4.4
93,Burj Khalifa,Dubai,2024-08-05,1000,44350.0,3.92
94,Eiffel Tower,Paris,2024-09-09,241,12278.95,4.93
95,Eiffel Tower,Paris,2024-03-18,647,47567.439999999995,4.37
96,Burj Khalifa,Dubai,2024-11-19,107,7983.2699999999995,3.1
97,Burj Khalifa,Dubai,2024-09-28,746,70579.06,4.66
98,Great Wall,Beijing,2024-08-08,613,6675.570000000001,3.96
99,Statue of Liberty,New York,2024-05-19,932,16841.24,3.42
100,Eiffel Tower,Paris,2024-10-02,934,35006.32,3.55
101,Statue of Liberty,New York,2024-12-06,86,2731.36,3.4
102,Sydney Opera House,Sydney,2024-09-06,433,6915.01,3.77
103,Eiffel Tower,Paris,2025-01-13,475,6759.25,4.44
104,Great Wall,Beijing,2024-11-22,680,45131.600000000006,4.98
105,Eiffel Tower,Paris,2024-12-29,374,9346.26,4.72
106,Sydney Opera House,Sydney,2024-11-10,631,35386.479999999996,3.81
107,Sydney Opera House,Sydney,2024-06-08,216,8592.48,4.92
108,Burj Khalifa,Dubai,2024-04-12,479,16606.93,3.82
109,Burj Khalifa,Dubai,2024-08-31,871,83668.26,3.33
110,Sydney Opera House,Sydney,2024-04-15,943,45839.229999999996,3.11
111,Burj Khalifa,Dubai,2024-09-19,852,76100.64,4.73
112,Sydney Opera House,Sydney,2024-11-28,762,7818.12,3.33
113,Great Wall,Beijing,2025-01-31,580,32097.2,3.56
114,Statue of Liberty,New York,2024-10-31,125,11815.0,3.61
115,Great Wall,Beijing,2024-04-28,608,29925.76,3.04
116,Sydney Opera House,Sydney,2024-03-21,154,6893.04,3.49
117,Sydney Opera House,Sydney,2024-09-20,912,61961.28,4.7
118,Great Wall,Beijing,2024-09-30,257,19254.44,4.52
119,Eiffel Tower,Paris,2024-10-27,890,43138.299999999996,4.8
120,Sydney Opera House,Sydney,2025-01-18,571,26717.09,3.38
121,Eiffel Tower,Paris,2024-03-30,519,31368.36,3.74
122,Sydney Opera House,Sydney,2024-10-27,460,18078.0,4.05
123,Great Wall,Beijing,2024-12-20,297,10644.480000000001,3.3
124,Great Wall,Beijing,2025-01-09,877,8778.77,4.7
125,Great Wall,Beijing,2024-05-12,477,42433.92,3.84
126,Eiffel Tower,Paris,2024-11-04,339,26747.100000000002,3.12
127,Eiffel Tower,Paris,2024-03-22,95,1306.25,3.28
128,Eiffel Tower,Paris,2024-12-18,401,32300.55,3.89
129,Eiffel Tower,Paris,2024-10-08,100,5074.0,3.31
130,Statue of Liberty,New York,2025-01-04,955,10285.35,4.27
131,Burj Khalifa,Dubai,2024-06-18,604,55447.2,3.51
132,Great Wall,Beijing,2024-08-06,915,33882.450000000004,3.9
133,Great Wall,Beijing,2024-04-12,163,7938.1,3.75
134,Eiffel Tower,Paris,2024-07-25,637,62254.01,4.11
135,Statue of Liberty,New York,2024-09-08,856,64516.72,4.77
136,Burj Khalifa,Dubai,2024-06-09,659,60819.11,4.34
137,Statue of Liberty,New York,2025-03-09,520,24668.8,4.57
138,Statue of Liberty,New York,2025-01-30,610,33232.799999999996,4.01
139,Statue of Liberty,New York,2024-08-02,778,60551.74,3.61
140,Statue of Liberty,New York,2024-10-11,914,61530.479999999996,3.25
141,Great Wall,Beijing,2024-09-30,697,30263.74,4.38
142,Statue of Liberty,New York,2024-10-24,931,61380.83000000001,3.41
143,Eiffel Tower,Paris,2024-03-27,750,69780.0,4.09
144,Statue of Liberty,New York,2024-08-15,906,26989.739999999998,4.81
145,Great Wall,Beijing,2024-08-13,304,14728.800000000001,4.46
146,Sydney Opera House,Sydney,2024-12-28,481,28282.8,3.0
147,Sydney Opera House,Sydney,2024-09-05,178,12271.32,4.27
148,Great Wall,Beijing,2024-08-09,653,53493.76,3.51
149,Sydney Opera House,Sydney,2024-03-22,809,60043.979999999996,4.48
150,Sydney Opera House,Sydney,2024-05-04,978,96724.20000000001,3.12
151,Sydney Opera House,Sydney,2024-12-01,203,18596.829999999998,3.44
152,Statue of Liberty,New York,2025-03-01,203,19796.559999999998,3.42
153,Burj Khalifa,Dubai,2025-02-23,519,38001.18,3.37
154,Statue of Liberty,New York,2024-06-15,245,3866.1,4.6
155,Great Wall,Beijing,2024-06-22,853,70210.43000000001,3.29
156,Great Wall,Beijing,2024-05-13,609,7783.0199999999995,4.19
157,Statue of Liberty,New York,2024-08-27,933,78278.70000000001,4.91
158,Eiffel Tower,Paris,2025-02-28,445,39974.35,3.81
159,Great Wall,Beijing,2024-06-05,780,39733.2,4.97
160,Burj Khalifa,Dubai,2024-08-18,546,29964.480000000003,4.54
161,Great Wall,Beijing,2024-09-17,52,1381.12,4.91
162,Sydney Opera House,Sydney,2024-09-14,104,6839.040000000001,4.56
163,Great Wall,Beijing,2025-02-12,980,10250.800000000001,3.23
164,Sydney Opera House,Sydney,2024-06-10,897,83214.69,3.69
165,Statue of Liberty,New York,2025-03-02,390,4789.2,4.33
166,Statue of Liberty,New York,2024-11-10,177,3709.92,4.56
167,Statue of Liberty,New York,2024-11-26,994,72094.82,4.9
168,Great Wall,Beijing,2024-04-05,300,7719.0,3.3
169,Burj Khalifa,Dubai,2024-07-06,82,5724.42,3.93
170,Statue of Liberty,New York,2024-09-29,967,52894.9,3.72
171,Statue of Liberty,New York,2024-09-03,647,54399.76,4.49
172,Great Wall,Beijing,2024-11-04,346,11099.68,3.6
173,Burj Khalifa,Dubai,2024-07-20,330,10022.1,4.69
174,Sydney Opera House,Sydney,2024-11-03,559,50047.270000000004,3.21
175,Eiffel Tower,Paris,2024-08-01,561,34327.59,3.19
176,Great Wall,Beijing,2024-12-15,395,30138.5,3.46
177,Eiffel Tower,Paris,2024-07-02,312,9310.08,3.85
178,Statue of Liberty,New York,2024-08-30,141,5453.88,3.78
179,Eiffel Tower,Paris,2024-12-09,786,25269.899999999998,4.46
180,Statue of Liberty,New York,2024-11-10,939,87805.89,4.21
181,Sydney Opera House,Sydney,2024-03-29,656,33049.28,4.33
182,Great Wall,Beijing,2024-05-17,485,36142.2,3.32
183,Statue of Liberty,New York,2024-03-10,368,17546.24,3.17
184,Statue of Liberty,New York,2024-11-27,723,57073.619999999995,3.34
185,Eiffel Tower,Paris,2024-05-23,486,24095.879999999997,3.68
186,Burj Khalifa,Dubai,2024-11-09,215,11502.5,3.88
187,Statue of Liberty,New York,2024-04-02,632,55767.68,4.28
188,Eiffel Tower,Paris,2024-03-19,669,61347.3,4.74
189,Burj Khalifa,Dubai,2024-08-13,859,59090.61000000001,4.99
190,Burj Khalifa,Dubai,2024-03-11,245,12269.6,4.94
191,Statue of Liberty,New York,2024-11-21,992,54431.04,3.96
192,Great Wall,Beijing,2025-02-12,857,56519.15,4.19
193,Eiffel Tower,Paris,2024-05-24,173,8281.51,4.74
194,Statue of Liberty,New York,2024-11-26,94,3015.52,3.94
195,Statue of Liberty,New York,2024-03-17,933,64349.01,4.61
196,Burj Khalifa,Dubai,2024-09-26,72,2926.7999999999997,4.65
197,Great Wall,Beijing,2024-03-10,930,85132.20000000001,3.1
198,Eiffel Tower,Paris,2024-09-24,966,31414.320000000003,4.54
199,Sydney Opera House,Sydney,2024-03-11,477,42543.63,3.34
200,Eiffel Tower,Paris,2025-02-11,761,17411.68,3.67
201,Great Wall,Beijing,2024-11-17,328,30513.84,4.34
202,Statue of Liberty,New York,2024-06-26,981,49824.99,3.19
203,Statue of Liberty,New York,2024-12-05,617,21477.77,4.89
204,Burj Khalifa,Dubai,2024-07-31,79,3340.12,4.12
205,Great Wall,Beijing,2024-06-01,961,75082.93,3.67
206,Sydney Opera House,Sydney,2024-05-22,472,7098.879999999999,3.57
207,Sydney Opera House,Sydney,2024-07-30,559,49499.45,3.1
208,Eiffel Tower,Paris,2024-05-19,844,27987.039999999997,3.76
209,Burj Khalifa,Dubai,2024-09-10,986,57286.6,3.27
210,Burj Khalifa,Dubai,2024-09-10,675,64482.75,3.04
211,Sydney Opera House,Sydney,2025-01-09,461,37935.69,4.43
212,Burj Khalifa,Dubai,2025-01-13,716,38255.88,4.69
213,Statue of Liberty,New York,2024-03-20,893,45909.13,3.25
214,Statue of Liberty,New York,2024-04-26,89,5412.9800000000005,4.92
215,Sydney Opera House,Sydney,2025-01-08,224,3987.2000000000003,3.45
216,Great Wall,Beijing,2024-08-23,681,49134.15,4.7
217,Great Wall,Beijing,2024-10-08,406,37587.479999999996,3.27
218,Eiffel Tower,Paris,2024-09-19,463,19353.399999999998,3.02
219,Statue of Liberty,New York,2025-01-08,454,36896.58,3.88
220,Burj Khalifa,Dubai,2024-04-04,137,13223.24,3.9
221,Sydney Opera House,Sydney,2025-01-25,353,20809.350000000002,4.01
222,Sydney Opera House,Sydney,2025-01-15,708,50529.96000000001,3.59
223,Great Wall,Beijing,2024-08-05,679,57653.89,4.06
224,Eiffel Tower,Paris,2025-01-10,426,26744.28,4.61
225,Sydney Opera House,Sydney,2025-01-11,913,76984.15999999999,3.97
226,Sydney Opera House,Sydney,2025-01-08,378,18673.2,4.0
227,Burj Khalifa,Dubai,2024-09-10,955,91594.05,4.58
228,Sydney Opera House,Sydney,2024-09-08,516,7234.32,4.58
229,Statue of Liberty,New York,2024-10-20,830,54323.5,3.09
230,Burj Khalifa,Dubai,2024-08-12,513,21756.329999999998,3.53
231,Sydney Opera House,Sydney,2024-12-04,324,24209.28,3.37
232,Statue of Liberty,New York,2024-07-02,428,4395.5599999999995,3.93
233,Statue of Liberty,New York,2024-03-11,87,2723.1,4.59
234,Eiffel Tower,Paris,2024-06-25,543,50955.12,3.41
235,Statue of Liberty,New York,2025-02-22,618,29392.08,3.23
236,Great Wall,Beijing,2024-07-26,864,37160.64,4.05
237,Burj Khalifa,Dubai,2024-08-30,558,52401.78,4.37
238,Statue of Liberty,New York,2024-05-16,880,16306.400000000001,3.56
239,Great Wall,Beijing,2024-03-24,212,12618.24,3.53
240,Burj Khalifa,Dubai,2024-04-18,818,34143.32,4.63
241,Statue of Liberty,New York,2024-08-11,807,79481.43,4.64
242,Statue of Liberty,New York,2024-11-14,205,8288.15,3.3
243,Eiffel Tower,Paris,2024-05-01,962,24790.739999999998,4.37
244,Eiffel Tower,Paris,2025-03-04,988,91113.36,3.8
245,Great Wall,Beijing,2024-04-26,733,42579.97,3.98
246,Eiffel Tower,Paris,2024-07-29,689,49242.83,3.76
247,Burj Khalifa,Dubai,2024-07-05,270,3329.1,4.11
248,Burj Khalifa,Dubai,2024-07-26,136,6987.68,4.34
249,Sydney Opera House,Sydney,2024-09-19,569,49150.219999999994,3.66
250,Statue of Liberty,New York,2024-04-15,621,6955.2,4.16
251,Statue of Liberty,New York,2024-12-28,728,20624.239999999998,4.18
252,Burj Khalifa,Dubai,2024-05-20,631,13932.48,3.96
253,Sydney Opera House,Sydney,2025-01-04,155,15072.199999999999,3.83
254,Sydney Opera House,Sydney,2025-01-08,249,17967.84,3.82
255,Eiffel Tower,Paris,2024-04-24,626,38930.939999999995,4.9
256,Eiffel Tower,Paris,2024-08-13,702,39754.26,4.64
257,Burj Khalifa,Dubai,2024-09-22,510,16513.800000000003,3.61
258,Burj Khalifa,Dubai,2024-07-20,971,17380.899999999998,3.47
259,Great Wall,Beijing,2024-10-07,465,38608.95,4.21
260,Statue of Liberty,New York,2024-10-10,878,60292.26,4.52
261,Sydney Opera House,Sydney,2025-02-10,552,11818.32,4.9
262,Great Wall,Beijing,2024-06-13,136,7416.08,4.48
263,Statue of Liberty,New York,2024-07-05,888,80346.24,4.99
264,Burj Khalifa,Dubai,2025-02-21,336,6031.2,4.71
265,Burj Khalifa,Dubai,2024-10-28,829,14068.13,3.29
266,Eiffel Tower,Paris,2025-03-06,798,57599.64000000001,4.18
267,Great Wall,Beijing,2024-05-25,996,47379.72,3.97
268,Statue of Liberty,New York,2024-07-16,444,37784.399999999994,4.34
269,Sydney Opera House,Sydney,2024-05-29,258,17260.2,4.51
270,Great Wall,Beijing,2025-01-03,742,10944.5,4.37
271,Burj Khalifa,Dubai,2024-10-08,473,10623.58,3.17
272,Eiffel Tower,Paris,2024-11-12,423,17368.38,4.77
273,Sydney Opera House,Sydney,2024-06-10,607,21384.609999999997,3.94
274,Statue of Liberty,New York,2024-06-07,277,17824.949999999997,3.94
275,Burj Khalifa,Dubai,2025-01-09,228,6979.08,3.03
276,Statue of Liberty,New York,2024-06-10,178,12705.64,4.04
277,Great Wall,Beijing,2025-02-16,733,39919.18,3.65
278,Statue of Liberty,New York,2024-05-09,532,34500.2,4.6
279,Great Wall,Beijing,2024-07-12,468,6327.36,3.32
280,Eiffel Tower,Paris,2024-12-16,755,35205.65,3.81
281,Burj Khalifa,Dubai,2025-02-21,757,73429.0,4.4
282,Burj Khalifa,Dubai,2025-01-25,534,27645.18,4.06
283,Burj Khalifa,Dubai,2025-01-12,169,15667.99,3.48
284,Statue of Liberty,New York,2024-03-14,682,19225.58,4.6
285,Great Wall,Beijing,2024-06-11,473,11110.769999999999,3.13
286,Eiffel Tower,Paris,2024-11-24,509,10057.84,3.91
287,Eiffel Tower,Paris,2024-11-26,396,10909.800000000001,4.41
288,Eiffel Tower,Paris,2024-12-04,815,68337.75,4.22
289,Burj Khalifa,Dubai,2024-10-18,995,38924.399999999994,3.34
290,Eiffel Tower,Paris,2025-01-24,277,4069.1299999999997,3.9
291,Great Wall,Beijing,2025-01-22,340,11447.800000000001,3.43
292,Burj Khalifa,Dubai,2025-02-16,175,9359.0,3.07
293,Burj Khalifa,Dubai,2024-09-02,687,38197.200000000004,4.4
294,Sydney Opera House,Sydney,2024-03-30,933,29622.75,4.17
295,Burj Khalifa,Dubai,2025-03-05,625,28756.25,4.62
296,Sydney Opera House,Sydney,2024-09-14,69,6664.0199999999995,3.53
297,Great Wall,Beijing,2024-03-09,686,21382.620000000003,3.05
298,Statue of Liberty,New York,2024-09-08,264,8067.839999999999,4.33
299,Great Wall,Beijing,2024-09-02,717,39635.76,4.39
300,Burj Khalifa,Dubai,2024-07-11,69,2346.0,3.95
301,Great Wall,Beijing,2024-09-24,762,54002.94,4.96
302,Great Wall,Beijing,2024-11-18,426,28793.34,3.13
303,Great Wall,Beijing,2024-06-17,969,22839.33,4.56
304,Sydney Opera House,Sydney,2024-11-26,391,27139.309999999998,4.03
305,Burj Khalifa,Dubai,2024-12-26,962,13198.640000000001,4.29
306,Burj Khalifa,Dubai,2024-08-10,598,37309.22,4.98
307,Eiffel Tower,Paris,2024-03-11,166,9364.06,3.59
308,Statue of Liberty,New York,2025-03-04,294,29058.960000000003,3.46
309,Eiffel Tower,Paris,2025-01-08,709,50197.2,4.2
310,Burj Khalifa,Dubai,2024-06-27,796,18618.44,4.52
311,Sydney Opera House,Sydney,2024-03-30,136,12603.12,4.69
312,Great Wall,Beijing,2024-08-27,339,21868.890000000003,3.52
313,Sydney Opera House,Sydney,2025-01-15,114,10873.32,4.47
314,Statue of Liberty,New York,2024-03-25,583,38542.13,4.26
315,Statue of Liberty,New York,2024-09-02,130,1374.1000000000001,3.29
316,Sydney Opera House,Sydney,2024-11-27,257,18730.16,3.45
317,Statue of Liberty,New York,2024-10-15,277,19146.24,4.39
318,Eiffel Tower,Paris,2024-03-12,817,34559.1,3.58
319,Burj Khalifa,Dubai,2024-07-15,646,36531.299999999996,3.82
320,Burj Khalifa,Dubai,2024-04-06,245,10130.75,3.51
321,Statue of Liberty,New York,2025-01-24,203,12703.74,3.37
322,Sydney Opera House,Sydney,2024-09-20,533,35918.87,3.25
323,Great Wall,Beijing,2024-07-21,350,30016.0,3.37
324,Burj Khalifa,Dubai,2024-04-27,872,53061.200000000004,4.67
325,Great Wall,Beijing,2024-12-06,189,18537.12,4.52
326,Great Wall,Beijing,2024-12-17,778,12518.02,4.17
327,Statue of Liberty,New York,2024-12-01,845,10494.9,4.89
328,Burj Khalifa,Dubai,2024-11-18,324,29075.76,4.8
329,Statue of Liberty,New York,2024-08-07,767,50430.25,4.77
330,Eiffel Tower,Paris,2025-01-27,247,20814.69,4.66
331,Eiffel Tower,Paris,2024-05-02,76,1507.08,3.24
332,Eiffel Tower,Paris,2024-08-24,155,3033.35,4.45
333,Sydney Opera House,Sydney,2024-09-30,320,5795.2,4.67
334,Burj Khalifa,Dubai,2024-03-26,525,38666.25,4.61
335,Burj Khalifa,Dubai,2024-07-01,900,63539.99999999999,3.58
336,Great Wall,Beijing,2024-12-01,891,58235.76,4.01
337,Statue of Liberty,New York,2024-08-20,369,31896.36,4.06
338,Sydney Opera House,Sydney,2025-01-06,271,22810.07,4.06
339,Eiffel Tower,Paris,2024-09-19,617,12432.55,4.92
340,Statue of Liberty,New York,2024-07-04,590,43235.2,4.26
341,Statue of Liberty,New York,2024-09-24,334,9953.2,3.48
342,Statue of Liberty,New York,2024-06-28,189,9380.07,3.2
343,Eiffel Tower,Paris,2024-12-01,979,27617.59,3.57
344,Eiffel Tower,Paris,2024-05-31,983,79082.35,3.46
345,Great Wall,Beijing,2024-07-07,357,12434.31,4.78
346,Eiffel Tower,Paris,2024-10-06,305,28569.350000000002,3.47
347,Sydney Opera House,Sydney,2024-12-11,182,7110.74,4.43
348,Sydney Opera House,Sydney,2024-10-07,908,72431.16,3.31
349,Great Wall,Beijing,2024-09-04,330,17041.2,3.3
350,Eiffel Tower,Paris,2024-09-12,935,42430.3,3.09
351,Statue of Liberty,New York,2024-10-30,303,16025.67,3.15
352,Sydney Opera House,Sydney,2024-06-01,546,19213.739999999998,3.43
353,Burj Khalifa,Dubai,2024-11-12,691,68139.51,3.93
354,Burj Khalifa,Dubai,2024-04-10,346,23143.94,3.86
355,Great Wall,Beijing,2025-01-31,193,10167.24,4.69
356,Statue of Liberty,New York,2024-09-03,325,25974.0,4.82
357,Great Wall,Beijing,2024-12-29,958,91824.29999999999,4.37
358,Sydney Opera House,Sydney,2025-02-18,231,12002.76,4.45
359,Eiffel Tower,Paris,2024-07-01,427,16879.31,3.69
360,Statue of Liberty,New York,2024-10-15,355,26869.95,4.36
361,Great Wall,Beijing,2024-05-05,465,15786.750000000002,4.85
362,Burj Khalifa,Dubai,2024-08-31,720,44287.2,4.43
363,Burj Khalifa,Dubai,2024-08-23,249,5099.52,3.63
364,Eiffel Tower,Paris,2024-07-31,372,15821.16,4.8
365,Burj Khalifa,Dubai,2024-09-23,877,54865.12,3.06
366,Great Wall,Beijing,2024-05-10,975,22347.0,4.7
367,Sydney Opera House,Sydney,2024-08-20,217,6086.85,4.98
368,Eiffel Tower,Paris,2024-07-07,137,4029.17,4.52
369,Sydney Opera House,Sydney,2024-06-13,907,11174.24,4.56
370,Burj Khalifa,Dubai,2025-03-04,65,2496.0,4.15
371,Sydney Opera House,Sydney,2024-06-13,607,36638.52,3.61
372,Great Wall,Beijing,2024-12-03,614,10444.140000000001,4.36
373,Burj Khalifa,Dubai,2024-04-29,350,18410.0,4.26
374,Burj Khalifa,Dubai,2024-07-01,496,19259.68,4.33
375,Burj Khalifa,Dubai,2024-09-22,279,27138.329999999998,4.37
376,Great Wall,Beijing,2024-09-06,860,36773.6,4.18
377,Statue of Liberty,New York,2024-08-26,632,27100.16,4.35
378,Eiffel Tower,Paris,2024-09-14,796,27764.480000000003,4.72
379,Statue of Liberty,New York,2024-12-07,377,13677.560000000001,4.32
380,Eiffel Tower,Paris,2024-07-24,552,44347.68,4.0
381,Great Wall,Beijing,2025-01-16,384,37071.36,3.35
382,Great Wall,Beijing,2024-06-18,562,48090.34,3.71
383,Sydney Opera House,Sydney,2024-08-06,452,31938.32,3.95
384,Burj Khalifa,Dubai,2024-11-02,365,17603.949999999997,3.08
385,Great Wall,Beijing,2024-04-05,733,13992.97,4.46
386,Burj Khalifa,Dubai,2024-09-21,539,22858.989999999998,3.71
387,Great Wall,Beijing,2024-04-28,547,39498.869999999995,4.5
388,Burj Khalifa,Dubai,2024-03-11,816,22856.16,4.99
389,Statue of Liberty,New York,2024-03-26,878,27323.36,3.54
390,Great Wall,Beijing,2024-07-29,712,12680.72,4.95
391,Sydney Opera House,Sydney,2025-02-08,431,14050.6,4.22
392,Great Wall,Beijing,2024-07-13,958,42793.86,3.38
393,Eiffel Tower,Paris,2025-02-24,102,7608.18,4.95
394,Burj Khalifa,Dubai,2024-07-11,277,26636.32,4.57
395,Eiffel Tower,Paris,2024-06-19,102,6577.98,3.43
396,Statue of Liberty,New York,2024-04-18,438,5150.88,3.38
397,Statue of Liberty,New York,2024-04-18,474,37758.84,3.97
398,Statue of Liberty,New York,2024-12-27,606,14034.960000000001,4.47
399,Burj Khalifa,Dubai,2024-04-24,568,42531.84,3.95
400,Statue of Liberty,New York,2024-12-21,795,41212.8,4.4
401,Sydney Opera House,Sydney,2024-11-05,577,14678.880000000001,3.43
402,Sydney Opera House,Sydney,2024-11-24,530,44562.4,4.11
403,Sydney Opera House,Sydney,2024-12-17,404,26659.96,3.56
404,Great Wall,Beijing,2024-07-19,641,31941.03,4.71
405,Great Wall,Beijing,2024-04-16,122,2898.7200000000003,3.25
406,Great Wall,Beijing,2024-08-28,910,17854.2,4.77
407,Burj Khalifa,Dubai,2024-04-09,147,3998.4,3.89
408,Sydney Opera House,Sydney,2025-01-16,900,27189.0,3.34
409,Great Wall,Beijing,2025-01-04,450,16749.0,3.17
410,Sydney Opera House,Sydney,2024-10-16,336,24343.2,4.47
411,Eiffel Tower,Paris,2024-08-20,571,28784.109999999997,3.68
412,Burj Khalifa,Dubai,2025-02-23,259,16076.13,4.81
413,Sydney Opera House,Sydney,2025-01-13,467,12029.92,4.54
414,Sydney Opera House,Sydney,2024-05-26,181,2360.24,4.08
415,Great Wall,Beijing,2024-03-16,507,39662.61,3.81
416,Eiffel Tower,Paris,2025-02-06,68,6467.48,4.14
417,Great Wall,Beijing,2025-01-08,838,9050.400000000001,3.62
418,Eiffel Tower,Paris,2024-03-09,156,9345.96,3.0
419,Eiffel Tower,Paris,2024-11-16,720,34754.4,4.01
420,Statue of Liberty,New York,2024-12-12,641,31844.88,3.74
421,Great Wall,Beijing,2024-11-05,958,39450.44,3.35
422,Great Wall,Beijing,2024-11-15,786,45753.06,3.58
423,Burj Khalifa,Dubai,2024-12-02,709,11975.01,4.39
424,Eiffel Tower,Paris,2024-10-27,765,15345.9,3.29
425,Great Wall,Beijing,2025-02-12,752,34900.32,4.05
426,Sydney Opera House,Sydney,2024-12-31,752,32366.079999999998,4.97
427,Eiffel Tower,Paris,2024-12-22,53,1673.74,3.96
428,Burj Khalifa,Dubai,2024-05-20,969,54981.060000000005,3.37
429,Great Wall,Beijing,2024-12-03,874,47108.6,3.41
430,Burj Khalifa,Dubai,2024-08-20,353,30679.23,3.24
431,Statue of Liberty,New York,2025-03-06,795,40759.65,4.5
432,Burj Khalifa,Dubai,2024-11-05,578,14606.06,4.43
433,Sydney Opera House,Sydney,2024-05-30,113,10881.9,3.65
434,Great Wall,Beijing,2024-05-19,911,60472.17999999999,4.69
435,Great Wall,Beijing,2024-11-26,217,15124.900000000001,4.99
436,Burj Khalifa,Dubai,2024-08-02,207,19803.69,4.49
437,Eiffel Tower,Paris,2024-04-10,872,10289.6,4.34
438,Burj Khalifa,Dubai,2024-04-13,692,29285.44,4.94
439,Eiffel Tower,Paris,2024-10-05,568,40833.52,3.13
440,Burj Khalifa,Dubai,2024-08-12,786,63807.48,4.57
441,Sydney Opera House,Sydney,2024-12-12,797,21216.14,3.79
442,Great Wall,Beijing,2024-07-27,305,17930.95,4.14
443,Eiffel Tower,Paris,2024-10-15,77,4552.24,3.81
444,Eiffel Tower,Paris,2024-12-02,434,33934.46,3.22
445,Sydney Opera House,Sydney,2024-08-10,508,47589.44,3.45
446,Statue of Liberty,New York,2024-12-06,964,79356.48,4.46
447,Great Wall,Beijing,2024-03-11,215,20910.9,4.9
448,Sydney Opera House,Sydney,2025-01-16,69,2961.48,4.91
449,Burj Khalifa,Dubai,2025-02-27,85,8499.15,3.1
450,Burj Khalifa,Dubai,2024-09-13,784,75538.4,3.36
451,Statue of Liberty,New York,2024-11-05,936,36419.759999999995,3.82
452,Eiffel Tower,Paris,2024-09-17,661,58035.799999999996,3.08
453,Great Wall,Beijing,2024-09-21,357,11966.640000000001,3.24
454,Eiffel Tower,Paris,2024-12-15,96,3303.3599999999997,3.96
455,Great Wall,Beijing,2024-08-22,650,43966.0,3.46
456,Statue of Liberty,New York,2024-10-09,617,39629.91,3.56
457,Burj Khalifa,Dubai,2024-09-09,916,87432.2,3.02
458,Statue of Liberty,New York,2024-12-26,396,20196.0,4.01
459,Great Wall,Beijing,2024-12-12,254,14292.58,3.24
460,Sydney Opera House,Sydney,2025-02-04,743,38695.44,3.83
461,Burj Khalifa,Dubai,2024-06-06,840,16044.000000000002,4.39
462,Statue of Liberty,New York,2025-02-10,520,8632.0,3.26
463,Burj Khalifa,Dubai,2024-05-07,509,20278.56,3.71
464,Burj Khalifa,Dubai,2024-09-07,54,5203.9800000000005,4.01
465,Statue of Liberty,New York,2024-05-05,297,22551.210000000003,4.21
466,Statue of Liberty,New York,2025-02-18,854,39403.56,3.49
467,Sydney Opera House,Sydney,2024-09-18,928,59197.12,3.94
468,Burj Khalifa,Dubai,2024-04-04,922,21298.2,3.91
469,Great Wall,Beijing,2024-05-30,112,5250.56,4.76
470,Great Wall,Beijing,2024-07-16,465,14814.9,3.56
471,Great Wall,Beijing,2024-05-18,116,7579.4400000000005,3.81
472,Sydney Opera House,Sydney,2025-02-28,951,71895.59999999999,4.35
473,Burj Khalifa,Dubai,2025-02-11,942,43850.1,3.51
474,Great Wall,Beijing,2024-09-24,838,40701.66,4.65
475,Sydney Opera House,Sydney,2024-05-24,708,38196.6,4.37
476,Statue of Liberty,New York,2025-01-21,852,41603.159999999996,3.77
477,Great Wall,Beijing,2024-09-25,692,59055.28,4.45
478,Great Wall,Beijing,2024-05-02,73,3128.05,4.68
479,Eiffel Tower,Paris,2024-08-12,719,65112.64,4.06
480,Statue of Liberty,New York,2024-07-10,508,33964.88,4.39
481,Burj Khalifa,Dubai,2024-06-08,181,3373.84,3.43
482,Statue of Liberty,New York,2024-09-16,429,18245.37,4.5
483,Statue of Liberty,New York,2024-10-23,802,27588.8,3.85
484,Eiffel Tower,Paris,2024-08-20,464,23181.44,4.09
485,Sydney Opera House,Sydney,2024-03-26,89,4870.08,4.25
486,Eiffel Tower,Paris,2025-01-09,994,27851.88,4.84
487,Burj Khalifa,Dubai,2024-05-26,172,4176.16,3.22
488,Burj Khalifa,Dubai,2024-09-08,717,14590.95,4.94
489,Great Wall,Beijing,2024-04-24,473,16928.67,4.45
490,Great Wall,Beijing,2024-09-13,692,33866.479999999996,3.8
491,Sydney Opera House,Sydney,2024-07-25,50,3818.0,3.04
492,Burj Khalifa,Dubai,2024-08-26,816,36173.28,3.57
493,Sydney Opera House,Sydney,2024-06-24,523,32420.77,3.37
494,Statue of Liberty,New York,2024-10-04,496,39337.76,4.29
495,Eiffel Tower,Paris,2025-02-17,396,9725.76,4.22
496,Burj Khalifa,Dubai,2024-06-01,960,15254.400000000001,3.88
497,Burj Khalifa,Dubai,2024-12-03,788,13916.08,3.11
498,Sydney Opera House,Sydney,2024-12-25,849,59599.8,4.46
499,Burj Khalifa,Dubai,2024-10-07,200,2876.0,4.92
500,Eiffel Tower,Paris,2024-08-30,902,57186.799999999996,4.63
501,Burj Khalifa,Dubai,2024-04-26,999,39290.67,4.32
502,Statue of Liberty,New York,2024-07-12,403,4694.95,4.45
503,Statue of Liberty,New York,2024-09-16,261,20940.030000000002,4.82
504,Great Wall,Beijing,2024-04-15,76,4340.36,3.39
505,Eiffel Tower,Paris,2024-07-19,578,33021.14,3.96
506,Eiffel Tower,Paris,2024-08-10,592,41706.4,3.19
507,Burj Khalifa,Dubai,2025-02-20,247,13303.42,4.8
508,Burj Khalifa,Dubai,2024-11-04,877,20162.23,3.53
509,Statue of Liberty,New York,2024-11-25,217,18390.75,3.22
510,Burj Khalifa,Dubai,2024-11-20,366,21436.62,3.89
511,Statue of Liberty,New York,2024-08-09,744,46626.48,3.17
512,Sydney Opera House,Sydney,2024-05-03,884,18625.88,3.7
513,Burj Khalifa,Dubai,2024-12-08,753,14397.36,4.34
514,Eiffel Tower,Paris,2024-06-10,378,9933.84,3.23
515,Burj Khalifa,Dubai,2024-11-20,150,2188.5,3.6
516,Sydney Opera House,Sydney,2024-10-21,203,17484.39,4.66
517,Sydney Opera House,Sydney,2025-02-07,947,56630.6,4.46
518,Great Wall,Beijing,2024-07-22,361,12494.21,4.03
519,Statue of Liberty,New York,2024-06-29,620,55235.8,4.32
520,Sydney Opera House,Sydney,2024-06-24,651,26013.96,4.21
521,Statue of Liberty,New York,2024-07-14,829,20119.829999999998,4.37
522,Great Wall,Beijing,2024-04-10,381,23610.57,4.88
523,Great Wall,Beijing,2024-05-06,325,29438.5,3.6
524,Statue of Liberty,New York,2025-01-26,759,53843.46,3.14
525,Statue of Liberty,New York,2024-08-29,859,9869.91,3.08
526,Eiffel Tower,Paris,2024-09-07,484,17467.56,4.39
527,Burj Khalifa,Dubai,2024-07-06,815,20269.05,4.31
528,Sydney Opera House,Sydney,2025-01-02,953,34460.479999999996,4.35
529,Great Wall,Beijing,2024-11-10,652,37992.04,3.76
530,Statue of Liberty,New York,2024-11-09,486,37470.6,4.3
531,Sydney Opera House,Sydney,2025-01-09,810,78942.59999999999,3.57
532,Statue of Liberty,New York,2024-08-31,895,20155.399999999998,3.98
533,Eiffel Tower,Paris,2024-06-12,510,25234.8,3.81
534,Great Wall,Beijing,2025-02-02,671,30704.96,3.67
535,Statue of Liberty,New York,2024-08-30,204,18362.04,4.19
536,Burj Khalifa,Dubai,2024-06-13,243,20849.399999999998,3.71
537,Sydney Opera House,Sydney,2024-11-18,353,30389.77,3.26
538,Statue of Liberty,New York,2024-09-22,352,22014.079999999998,3.68
539,Statue of Liberty,New York,2024-06-04,213,8294.22,3.13
540,Burj Khalifa,Dubai,2024-04-19,935,43262.450000000004,3.7
541,Statue of Liberty,New York,2024-04-21,251,16475.64,3.48
542,Statue of Liberty,New York,2025-01-13,972,68827.32,3.31
543,Great Wall,Beijing,2025-01-20,777,30163.14,4.1
544,Great Wall,Beijing,2024-12-01,316,23418.76,3.57
545,Great Wall,Beijing,2024-04-21,252,16838.64,4.37
546,Eiffel Tower,Paris,2024-03-27,576,37866.24,3.49
547,Sydney Opera House,Sydney,2024-11-19,949,12593.23,3.61
548,Eiffel Tower,Paris,2024-10-23,760,7949.6,3.15
549,Statue of Liberty,New York,2024-11-15,668,40955.08,3.24
550,Statue of Liberty,New York,2024-08-11,893,17422.43,3.82
551,Burj Khalifa,Dubai,2024-12-25,855,48085.200000000004,3.52
552,Burj Khalifa,Dubai,2024-11-27,301,8695.89,4.79
553,Eiffel Tower,Paris,2024-03-23,895,63858.24999999999,4.86
554,Burj Khalifa,Dubai,2024-04-07,899,27347.58,4.65
555,Great Wall,Beijing,2024-10-15,971,79709.39,3.69
556,Great Wall,Beijing,2024-03-22,376,34400.24,4.83
557,Statue of Liberty,New York,2024-04-03,869,61620.78999999999,3.83
558,Statue of Liberty,New York,2024-08-16,941,27241.95,3.54
559,Statue of Liberty,New York,2024-11-28,447,7120.71,4.17
560,Statue of Liberty,New York,2024-09-25,485,16009.849999999999,3.55
561,Great Wall,Beijing,2024-05-26,886,76647.86,4.16
562,Eiffel Tower,Paris,2024-10-16,502,49406.840000000004,4.91
563,Statue of Liberty,New York,2024-09-09,993,38071.62,3.42
564,Statue of Liberty,New York,2024-05-22,955,53327.200000000004,3.55
565,Sydney Opera House,Sydney,2024-04-12,904,86449.51999999999,3.92
566,Eiffel Tower,Paris,2024-08-17,561,37126.98,3.45
567,Great Wall,Beijing,2024-07-21,101,2406.83,4.08
568,Eiffel Tower,Paris,2024-05-26,339,15332.97,4.23
569,Eiffel Tower,Paris,2024-06-28,91,6515.599999999999,4.73
570,Sydney Opera House,Sydney,2025-02-23,683,10579.67,4.42
571,Statue of Liberty,New York,2024-12-27,176,11000.0,3.14
572,Statue of Liberty,New York,2024-11-15,981,74438.28,3.36
573,Statue of Liberty,New York,2024-10-14,590,44403.4,4.22
574,Great Wall,Beijing,2024-10-15,718,24002.74,3.18
575,Eiffel Tower,Paris,2024-10-29,851,35265.439999999995,4.28
576,Burj Khalifa,Dubai,2024-03-15,730,23951.300000000003,3.21
577,Great Wall,Beijing,2024-10-17,423,38454.93,4.12
578,Great Wall,Beijing,2024-06-13,738,44656.38,4.37
579,Statue of Liberty,New York,2024-12-31,137,13636.980000000001,4.67
580,Great Wall,Beijing,2024-12-22,489,35075.97,4.59
581,Statue of Liberty,New York,2024-09-25,348,9465.6,4.56
582,Burj Khalifa,Dubai,2024-03-16,936,22623.120000000003,4.14
583,Statue of Liberty,New York,2024-11-09,748,28087.399999999998,3.88
584,Sydney Opera House,Sydney,2024-09-04,800,76856.0,3.08
585,Sydney Opera House,Sydney,2024-05-02,718,24814.08,4.85
586,Statue of Liberty,New York,2025-02-21,298,17474.72,3.7
587,Sydney Opera House,Sydney,2024-06-20,496,36198.08,3.74
588,Statue of Liberty,New York,2024-06-21,982,49581.18,3.46
589,Great Wall,Beijing,2024-12-25,792,55479.6,3.83
590,Burj Khalifa,Dubai,2024-07-13,822,48267.84,3.77
591,Great Wall,Beijing,2024-03-23,878,24487.420000000002,3.33
592,Sydney Opera House,Sydney,2024-05-14,346,12497.519999999999,4.85
593,Statue of Liberty,New York,2024-08-16,104,1572.48,3.46
594,Eiffel Tower,Paris,2024-09-12,226,18473.239999999998,3.03
595,Statue of Liberty,New York,2024-04-03,262,7739.48,3.42
596,Burj Khalifa,Dubai,2024-11-04,141,7910.1,3.45
597,Great Wall,Beijing,2024-11-25,545,23631.2,4.38
598,Statue of Liberty,New York,2024-10-10,445,30825.149999999998,3.45
599,Burj Khalifa,Dubai,2024-11-20,747,21199.86,3.03
600,Eiffel Tower,Paris,2024-10-24,813,78763.44,3.99
601,Sydney Opera House,Sydney,2024-06-24,835,12967.55,4.34
602,Sydney Opera House,Sydney,2024-03-24,65,3866.2,4.22
603,Burj Khalifa,Dubai,2024-04-29,878,37947.159999999996,4.59
604,Statue of Liberty,New York,2024-12-26,870,15407.7,4.82
605,Burj Khalifa,Dubai,2024-12-15,780,28423.199999999997,3.25
606,Eiffel Tower,Paris,2024-05-20,74,6288.52,3.93
607,Great Wall,Beijing,2024-04-05,812,66478.44,3.41
608,Statue of Liberty,New York,2024-03-26,875,71172.5,4.06
609,Great Wall,Beijing,2024-04-06,292,13519.599999999999,4.73
610,Sydney Opera House,Sydney,2024-09-18,871,54550.73,4.56
611,Statue of Liberty,New York,2024-08-17,637,61814.48,4.96
612,Eiffel Tower,Paris,2025-02-17,363,9329.1,3.6
613,Burj Khalifa,Dubai,2024-03-15,419,23313.16,4.26
614,Eiffel Tower,Paris,2024-04-30,647,17475.47,3.41
615,Eiffel Tower,Paris,2025-01-17,807,18375.39,3.25
616,Statue of Liberty,New York,2024-10-27,72,1884.2400000000002,3.61
617,Eiffel Tower,Paris,2024-05-28,760,64508.799999999996,3.86
618,Great Wall,Beijing,2024-06-26,584,57056.8,4.47
619,Statue of Liberty,New York,2025-03-03,677,42617.15,4.07
620,Sydney Opera House,Sydney,2025-01-11,669,16256.7,3.55
621,Great Wall,Beijing,2024-03-20,576,54218.88,3.05
622,Sydney Opera House,Sydney,2024-03-09,287,6428.799999999999,3.61
623,Great Wall,Beijing,2024-10-05,592,30742.56,4.36
624,Burj Khalifa,Dubai,2025-01-30,673,65469.44,4.58
625,Eiffel Tower,Paris,2024-04-02,308,27735.399999999998,3.94
626,Burj Khalifa,Dubai,2024-07-21,191,14179.839999999998,4.12
627,Statue of Liberty,New York,2025-02-24,449,9936.369999999999,3.29
628,Great Wall,Beijing,2024-10-20,971,65882.34999999999,3.42
629,Great Wall,Beijing,2024-07-29,362,8633.7,3.56
630,Great Wall,Beijing,2024-03-18,149,10020.25,4.51
631,Burj Khalifa,Dubai,2024-08-30,350,10458.0,4.01
632,Sydney Opera House,Sydney,2025-02-15,520,48952.8,4.33
633,Statue of Liberty,New York,2024-11-06,415,19031.9,3.46
634,Burj Khalifa,Dubai,2025-02-13,590,38515.2,3.24
635,Statue of Liberty,New York,2024-09-16,659,15967.57,4.05
636,Great Wall,Beijing,2025-02-17,775,37866.5,4.08
637,Eiffel Tower,Paris,2024-10-22,470,36481.4,3.13
638,Great Wall,Beijing,2024-05-06,613,14828.470000000001,3.39
639,Great Wall,Beijing,2024-09-17,322,7257.88,4.15
640,Sydney Opera House,Sydney,2024-09-27,908,52137.36,3.81
641,Sydney Opera House,Sydney,2024-04-29,732,38722.799999999996,3.1
642,Sydney Opera House,Sydney,2024-11-15,968,62794.16,3.46
643,Great Wall,Beijing,2024-06-09,882,48280.68,4.94
644,Eiffel Tower,Paris,2024-07-03,662,31497.96,3.2
645,Great Wall,Beijing,2024-07-22,383,23853.24,3.44
646,Great Wall,Beijing,2025-02-23,845,75526.09999999999,4.48
647,Sydney Opera House,Sydney,2024-10-20,831,49801.83,4.65
648,Eiffel Tower,Paris,2024-09-19,781,19376.61,4.83
649,Statue of Liberty,New York,2024-12-18,277,26708.34,4.16
650,Eiffel Tower,Paris,2024-05-17,564,7021.799999999999,4.38
651,Great Wall,Beijing,2024-12-07,378,19765.62,3.46
652,Burj Khalifa,Dubai,2024-07-19,423,19238.039999999997,4.31
653,Eiffel Tower,Paris,2024-03-30,788,74300.52,3.93
654,Sydney Opera House,Sydney,2024-12-21,898,11754.82,3.62
655,Sydney Opera House,Sydney,2024-07-11,766,34217.22,4.5
656,Eiffel Tower,Paris,2024-08-28,299,18508.1,4.83
657,Burj Khalifa,Dubai,2024-04-27,867,67851.42,4.05
658,Burj Khalifa,Dubai,2024-07-06,274,5756.740000000001,4.96
659,Great Wall,Beijing,2024-04-21,316,7239.56,3.26
660,Statue of Liberty,New York,2024-07-04,76,2270.88,4.63
661,Great Wall,Beijing,2024-05-15,140,8908.2,3.92
662,Eiffel Tower,Paris,2024-09-01,297,22468.050000000003,3.62
663,Eiffel Tower,Paris,2024-06-14,244,21706.239999999998,3.44
664,Burj Khalifa,Dubai,2024-11-04,334,10440.84,3.7
665,Great Wall,Beijing,2024-10-26,447,14947.679999999998,3.96
666,Eiffel Tower,Paris,2024-04-13,307,4700.17,4.63
667,Sydney Opera House,Sydney,2024-06-11,574,19969.46,3.38
668,Statue of Liberty,New York,2024-08-06,873,10799.01,3.56
669,Statue of Liberty,New York,2024-08-02,528,5786.88,4.96
670,Eiffel Tower,Paris,2024-12-07,62,3946.9199999999996,4.22
671,Sydney Opera House,Sydney,2024-07-08,436,10154.44,3.61
672,Great Wall,Beijing,2024-11-09,61,1387.1399999999999,4.42
673,Statue of Liberty,New York,2024-05-13,65,6378.45,4.87
674,Eiffel Tower,Paris,2024-03-30,172,9234.68,4.74
675,Great Wall,Beijing,2024-07-23,692,11293.44,3.05
676,Burj Khalifa,Dubai,2024-08-18,393,9573.48,3.94
677,Eiffel Tower,Paris,2024-09-07,253,20996.469999999998,3.57
678,Eiffel Tower,Paris,2024-05-08,278,16285.24,4.5
679,Sydney Opera House,Sydney,2024-10-11,476,26575.079999999998,4.07
680,Eiffel Tower,Paris,2024-12-25,623,41279.98,3.11
681,Eiffel Tower,Paris,2024-09-24,670,12917.6,4.36
682,Eiffel Tower,Paris,2024-09-03,372,23852.640000000003,4.91
683,Great Wall,Beijing,2024-07-23,335,4539.25,3.99
684,Sydney Opera House,Sydney,2025-01-11,517,10133.2,3.0
685,Great Wall,Beijing,2025-02-08,393,9990.060000000001,3.46
686,Eiffel Tower,Paris,2024-07-20,462,20933.22,4.8
687,Sydney Opera House,Sydney,2024-03-25,813,59251.439999999995,3.87
688,Great Wall,Beijing,2024-11-28,471,23177.91,4.9
689,Burj Khalifa,Dubai,2025-03-08,85,7883.75,4.12
690,Eiffel Tower,Paris,2024-07-18,491,44140.9,4.46
691,Burj Khalifa,Dubai,2024-09-05,117,7626.06,3.53
692,Statue of Liberty,New York,2024-08-11,738,9202.86,4.11
693,Statue of Liberty,New York,2024-12-08,715,44480.15,4.51
694,Burj Khalifa,Dubai,2024-09-24,646,16673.26,3.19
695,Statue of Liberty,New York,2024-05-02,684,31593.96,3.58
696,Statue of Liberty,New York,2024-08-07,594,8464.5,3.19
697,Great Wall,Beijing,2024-11-05,384,11450.880000000001,3.47
698,Sydney Opera House,Sydney,2024-06-09,841,8923.01,4.23
699,Statue of Liberty,New York,2024-08-28,147,2562.21,4.74
700,Great Wall,Beijing,2025-01-10,916,78024.88,3.81
701,Burj Khalifa,Dubai,2024-07-30,622,55252.26,4.02
702,Eiffel Tower,Paris,2024-09-16,692,21832.600000000002,3.71
703,Great Wall,Beijing,2024-07-09,177,13519.259999999998,4.72
704,Burj Khalifa,Dubai,2024-03-09,579,28938.42,4.23
705,Burj Khalifa,Dubai,2024-04-22,436,23138.52,4.92
706,Great Wall,Beijing,2024-08-15,574,32924.64,4.09
707,Great Wall,Beijing,2024-11-17,189,7544.88,3.4
708,Burj Khalifa,Dubai,2024-03-19,772,24649.96,4.65
709,Sydney Opera House,Sydney,2024-07-04,710,69821.40000000001,4.3
710,Great Wall,Beijing,2024-06-25,436,14344.4,3.27
711,Burj Khalifa,Dubai,2024-12-06,207,18302.94,4.16
712,Eiffel Tower,Paris,2024-12-12,743,60576.79,4.99
713,Burj Khalifa,Dubai,2024-06-08,703,29195.59,3.59
714,Eiffel Tower,Paris,2024-12-03,527,36916.35,3.48
715,Eiffel Tower,Paris,2024-05-25,445,23464.85,4.52
716,Eiffel Tower,Paris,2024-08-31,259,18041.94,3.63
717,Statue of Liberty,New York,2024-12-28,766,26787.02,3.86
718,Eiffel Tower,Paris,2024-11-29,497,24899.7,4.69
719,Eiffel Tower,Paris,2025-01-29,692,32164.159999999996,3.89
720,Burj Khalifa,Dubai,2025-01-20,565,30922.449999999997,4.75
721,Burj Khalifa,Dubai,2025-03-02,865,70852.15,3.26
722,Sydney Opera House,Sydney,2025-02-02,613,46545.090000000004,4.31
723,Great Wall,Beijing,2024-10-30,893,35255.64,4.53
724,Burj Khalifa,Dubai,2024-11-06,889,11032.49,3.16
725,Burj Khalifa,Dubai,2024-09-16,93,1203.4199999999998,3.12
726,Eiffel Tower,Paris,2024-12-21,205,13564.85,3.64
727,Great Wall,Beijing,2024-05-22,675,46149.75,3.69
728,Eiffel Tower,Paris,2024-08-05,738,65253.96,3.61
729,Sydney Opera House,Sydney,2025-01-07,315,6366.150000000001,3.6
730,Eiffel Tower,Paris,2024-08-07,193,18188.32,3.33
731,Great Wall,Beijing,2024-09-12,683,35686.75,4.68
732,Eiffel Tower,Paris,2024-03-25,958,19801.86,3.39
733,Great Wall,Beijing,2024-06-11,58,1248.74,4.14
734,Burj Khalifa,Dubai,2024-06-09,518,12017.6,4.8
735,Eiffel Tower,Paris,2024-06-13,879,67973.06999999999,4.61
736,Eiffel Tower,Paris,2024-07-09,806,78810.68000000001,3.13
737,Statue of Liberty,New York,2025-03-02,459,10937.97,3.35
738,Statue of Liberty,New York,2024-08-20,299,16223.74,3.83
739,Statue of Liberty,New York,2024-09-28,497,43760.85,4.89
740,Sydney Opera House,Sydney,2025-02-15,762,30838.14,4.23
741,Eiffel Tower,Paris,2024-04-01,916,62727.68,3.01
742,Great Wall,Beijing,2024-04-07,922,52978.12,4.71
743,Great Wall,Beijing,2024-11-06,815,46569.1,3.41
744,Burj Khalifa,Dubai,2024-06-17,66,1044.1200000000001,4.05
745,Statue of Liberty,New York,2024-11-14,99,8723.880000000001,4.06
746,Great Wall,Beijing,2024-07-16,118,7025.72,4.83
747,Statue of Liberty,New York,2024-08-16,100,7951.000000000001,3.19
748,Eiffel Tower,Paris,2024-07-24,740,23694.800000000003,3.96
749,Statue of Liberty,New York,2024-05-23,826,66088.26000000001,5.0
750,Great Wall,Beijing,2024-08-22,323,16253.36,3.14
751,Eiffel Tower,Paris,2024-05-09,541,5788.7,3.33
752,Statue of Liberty,New York,2025-02-18,759,75141.0,3.2
753,Great Wall,Beijing,2024-09-10,458,40917.72,4.54
754,Sydney Opera House,Sydney,2025-01-19,718,61058.72,4.01
755,Sydney Opera House,Sydney,2024-03-11,666,33919.38,3.07
756,Burj Khalifa,Dubai,2024-05-21,230,5232.5,3.69
757,Burj Khalifa,Dubai,2024-03-20,226,8814.0,4.6
758,Eiffel Tower,Paris,2024-11-08,441,28356.3,3.71
759,Burj Khalifa,Dubai,2025-02-25,690,28372.8,4.27
760,Eiffel Tower,Paris,2024-09-06,586,30993.54,4.81
761,Statue of Liberty,New York,2024-12-11,508,23886.16,3.56
762,Burj Khalifa,Dubai,2024-09-02,309,12149.88,4.34
763,Sydney Opera House,Sydney,2025-02-28,329,26810.21,3.55
764,Eiffel Tower,Paris,2024-04-12,494,21498.88,3.7
765,Eiffel Tower,Paris,2024-11-09,531,13954.68,4.85
766,Statue of Liberty,New York,2024-07-31,900,10701.0,3.66
767,Eiffel Tower,Paris,2025-01-17,145,10273.25,4.17
768,Burj Khalifa,Dubai,2024-10-07,570,51089.1,3.88
769,Eiffel Tower,Paris,2024-11-08,703,59333.200000000004,3.02
770,Sydney Opera House,Sydney,2024-03-24,71,758.99,3.09
771,Eiffel Tower,Paris,2024-03-09,176,4871.68,3.64
772,Statue of Liberty,New York,2024-12-26,825,74893.5,4.98
773,Burj Khalifa,Dubai,2024-11-19,903,79138.92,3.36
774,Statue of Liberty,New York,2024-10-19,841,50745.94,4.99
775,Burj Khalifa,Dubai,2024-03-24,86,6496.4400000000005,4.46
776,Burj Khalifa,Dubai,2024-04-25,893,69779.02,4.48
777,Statue of Liberty,New York,2024-08-10,842,55268.88,4.57
778,Statue of Liberty,New York,2025-01-04,150,10782.0,4.95
779,Statue of Liberty,New York,2024-04-25,953,23815.469999999998,3.62
780,Statue of Liberty,New York,2024-07-23,864,35536.32,3.69
781,Great Wall,Beijing,2024-07-31,990,24136.2,3.73
782,Burj Khalifa,Dubai,2024-08-05,813,76641.51,4.15
783,Sydney Opera House,Sydney,2024-12-07,430,36468.3,4.94
784,Eiffel Tower,Paris,2025-02-02,182,9991.8,4.54
785,Sydney Opera House,Sydney,2025-01-28,577,46344.64,4.41
786,Eiffel Tower,Paris,2024-12-01,731,17829.09,4.12
787,Burj Khalifa,Dubai,2024-11-23,790,30296.5,4.98
788,Statue of Liberty,New York,2024-08-11,172,9544.28,3.84
789,Burj Khalifa,Dubai,2024-12-13,620,43641.8,4.62
790,Burj Khalifa,Dubai,2024-07-03,456,28541.04,4.21
791,Sydney Opera House,Sydney,2025-02-14,560,20249.6,3.29
792,Sydney Opera House,Sydney,2024-06-25,412,17810.76,3.0
793,Statue of Liberty,New York,2024-08-24,295,21290.15,3.53
794,Eiffel Tower,Paris,2024-12-05,886,80767.76,3.51
795,Eiffel Tower,Paris,2024-10-08,763,23240.98,4.4
796,Burj Khalifa,Dubai,2025-02-19,501,45746.31,3.47
797,Burj Khalifa,Dubai,2024-04-28,677,14108.68,3.13
798,Eiffel Tower,Paris,2025-02-26,366,18387.84,3.08
799,Statue of Liberty,New York,2024-11-15,670,16394.899999999998,3.51
800,Great Wall,Beijing,2025-03-08,687,47760.24,3.09
801,Eiffel Tower,Paris,2024-11-17,246,10496.82,3.12
802,Sydney Opera House,Sydney,2025-02-08,91,5221.58,3.49
803,Statue of Liberty,New York,2024-12-05,599,8565.7,4.86
804,Sydney Opera House,Sydney,2024-12-08,110,10162.9,4.41
805,Burj Khalifa,Dubai,2024-04-17,885,53489.4,4.3
806,Burj Khalifa,Dubai,2025-03-02,795,42047.55,3.82
807,Eiffel Tower,Paris,2024-09-12,190,4155.3,3.14
808,Sydney Opera House,Sydney,2024-07-08,795,12290.7,4.52
809,Sydney Opera House,Sydney,2024-09-27,561,31365.51,4.87
810,Eiffel Tower,Paris,2024-07-31,302,28258.14,3.93
811,Great Wall,Beijing,2024-09-11,653,14509.66,4.07
812,Eiffel Tower,Paris,2024-06-02,478,6199.66,3.21
813,Eiffel Tower,Paris,2024-11-27,134,12972.54,3.93
814,Statue of Liberty,New York,2025-02-14,282,21911.4,4.55
815,Great Wall,Beijing,2024-11-22,116,6820.799999999999,3.53
816,Burj Khalifa,Dubai,2024-05-11,299,25385.100000000002,3.7
817,Eiffel Tower,Paris,2024-08-24,541,8531.57,3.98
818,Eiffel Tower,Paris,2024-06-17,385,25956.7,4.71
819,Great Wall,Beijing,2024-08-09,373,8556.62,4.58
820,Burj Khalifa,Dubai,2024-10-10,130,2185.2999999999997,4.91
821,Statue of Liberty,New York,2024-05-14,293,18620.149999999998,3.51
822,Eiffel Tower,Paris,2024-09-06,987,69672.33,4.71
823,Sydney Opera House,Sydney,2024-06-02,809,77461.75,3.33
824,Sydney Opera House,Sydney,2024-11-27,393,37547.22,3.24
825,Statue of Liberty,New York,2024-05-15,289,17250.41,3.31
826,Eiffel Tower,Paris,2024-12-22,254,22458.68,4.35
827,Burj Khalifa,Dubai,2024-11-07,821,47552.32,3.26
828,Statue of Liberty,New York,2025-02-08,507,20949.24,3.64
829,Burj Khalifa,Dubai,2024-10-25,553,43062.11,4.63
830,Great Wall,Beijing,2025-01-16,795,27475.2,3.19
831,Burj Khalifa,Dubai,2024-05-10,497,39938.92,4.0
832,Great Wall,Beijing,2024-10-01,749,69971.58,3.88
833,Sydney Opera House,Sydney,2024-08-02,590,26886.3,3.08
834,Statue of Liberty,New York,2024-05-02,715,61976.200000000004,4.87
835,Great Wall,Beijing,2024-08-10,791,49777.63,4.53
836,Great Wall,Beijing,2025-01-13,754,38265.5,4.59
837,Great Wall,Beijing,2024-05-17,628,31670.04,3.52
838,Great Wall,Beijing,2024-11-23,718,58811.38,3.01
839,Great Wall,Beijing,2024-04-17,369,7335.719999999999,3.47
840,Great Wall,Beijing,2024-05-19,131,8161.299999999999,4.73
841,Statue of Liberty,New York,2024-09-15,666,10396.26,4.98
842,Statue of Liberty,New York,2024-09-08,345,12016.349999999999,4.97
843,Eiffel Tower,Paris,2024-12-01,146,13348.78,3.27
844,Sydney Opera House,Sydney,2024-03-29,402,24566.22,3.48
845,Great Wall,Beijing,2024-11-15,595,22199.45,3.77
846,Burj Khalifa,Dubai,2024-07-20,364,23507.12,3.46
847,Great Wall,Beijing,2024-03-29,872,30363.04,4.55
848,Great Wall,Beijing,2024-07-05,161,5540.009999999999,4.41
849,Great Wall,Beijing,2024-09-25,750,53760.00000000001,4.83
850,Eiffel Tower,Paris,2024-05-21,716,24716.320000000003,3.26
851,Great Wall,Beijing,2024-05-25,340,15289.8,4.84
852,Statue of Liberty,New York,2025-01-04,876,81581.87999999999,3.67
853,Burj Khalifa,Dubai,2024-12-14,589,14077.099999999999,4.23
854,Statue of Liberty,New York,2024-09-22,935,61438.84999999999,4.03
855,Burj Khalifa,Dubai,2024-12-23,716,31289.2,4.87
856,Great Wall,Beijing,2024-12-27,599,45428.16,4.64
857,Burj Khalifa,Dubai,2025-02-09,389,12339.08,4.78
858,Great Wall,Beijing,2024-07-09,782,71771.96,4.35
859,Sydney Opera House,Sydney,2024-12-11,568,21016.0,3.8
860,Eiffel Tower,Paris,2024-03-15,510,17136.0,3.55
861,Great Wall,Beijing,2024-10-30,349,20238.510000000002,3.81
862,Great Wall,Beijing,2024-08-02,861,42619.5,4.34
863,Burj Khalifa,Dubai,2024-09-03,124,5846.599999999999,4.77
864,Eiffel Tower,Paris,2024-06-29,771,48226.049999999996,4.97
865,Burj Khalifa,Dubai,2025-03-09,822,42842.64,4.14
866,Eiffel Tower,Paris,2024-04-04,362,7439.1,3.14
867,Great Wall,Beijing,2024-11-24,809,23517.63,3.2
868,Great Wall,Beijing,2024-12-29,365,15143.85,4.79
869,Statue of Liberty,New York,2024-09-23,76,3017.2000000000003,4.14
870,Great Wall,Beijing,2024-12-25,743,21740.18,3.57
871,Statue of Liberty,New York,2024-08-19,372,24276.72,3.56
872,Statue of Liberty,New York,2025-02-20,821,24137.399999999998,4.7
873,Burj Khalifa,Dubai,2024-09-27,606,13974.359999999999,3.54
874,Eiffel Tower,Paris,2024-03-29,399,34214.25,4.17
875,Statue of Liberty,New York,2024-08-14,308,4549.16,3.75
876,Statue of Liberty,New York,2024-10-30,152,11082.32,4.0
877,Burj Khalifa,Dubai,2025-01-27,289,23819.38,3.48
878,Statue of Liberty,New York,2024-04-19,797,15063.3,4.1
879,Great Wall,Beijing,2025-01-25,297,9919.8,3.36
880,Sydney Opera House,Sydney,2024-04-17,72,2476.7999999999997,4.89
881,Great Wall,Beijing,2024-04-24,653,56144.94,3.8
882,Sydney Opera House,Sydney,2024-12-09,193,5147.31,4.5
883,Statue of Liberty,New York,2025-01-01,224,13959.68,3.58
884,Sydney Opera House,Sydney,2024-10-29,944,46945.119999999995,3.05
885,Great Wall,Beijing,2024-04-02,801,48796.92,3.31
886,Sydney Opera House,Sydney,2025-02-04,728,41910.96,3.1
887,Statue of Liberty,New York,2025-01-25,881,55485.38,4.1
888,Statue of Liberty,New York,2024-03-26,998,11985.98,4.55
889,Great Wall,Beijing,2024-10-23,910,22003.8,3.35
890,Statue of Liberty,New York,2024-06-29,839,77464.87,3.9
891,Eiffel Tower,Paris,2024-06-29,647,31353.62,3.63
892,Eiffel Tower,Paris,2024-05-19,788,70045.32,3.4
893,Statue of Liberty,New York,2024-09-27,326,21245.420000000002,4.73
894,Great Wall,Beijing,2024-04-14,213,19919.76,4.84
895,Statue of Liberty,New York,2024-03-27,411,31819.62,4.51
896,Statue of Liberty,New York,2024-09-11,760,12304.400000000001,4.59
897,Sydney Opera House,Sydney,2024-05-07,835,52254.299999999996,3.23
898,Eiffel Tower,Paris,2024-11-09,973,66027.78,4.25
899,Great Wall,Beijing,2024-07-25,148,10540.56,4.57
900,Eiffel Tower,Paris,2024-11-02,963,70828.65,4.99
901,Statue of Liberty,New York,2024-06-15,740,38198.799999999996,3.87
902,Eiffel Tower,Paris,2024-10-12,442,24416.08,3.02
903,Sydney Opera House,Sydney,2024-04-02,891,36343.89,4.25
904,Sydney Opera House,Sydney,2024-12-02,122,3905.22,3.18
905,Eiffel Tower,Paris,2024-09-10,458,44870.26,4.96
906,Burj Khalifa,Dubai,2024-06-10,515,40087.6,4.62
907,Eiffel Tower,Paris,2024-07-08,656,15179.84,4.53
908,Statue of Liberty,New York,2024-05-02,532,18598.72,4.07
909,Statue of Liberty,New York,2024-07-11,833,30762.69,3.53
910,Eiffel Tower,Paris,2024-12-05,939,71476.68000000001,3.45
911,Great Wall,Beijing,2024-05-30,361,7721.79,3.37
912,Statue of Liberty,New York,2025-03-05,421,15884.329999999998,3.01
913,Burj Khalifa,Dubai,2024-04-07,125,3736.25,4.52
914,Great Wall,Beijing,2025-02-09,196,13196.68,3.15
915,Sydney Opera House,Sydney,2024-12-29,852,41381.64,4.08
916,Statue of Liberty,New York,2024-10-14,314,13090.66,4.69
917,Sydney Opera House,Sydney,2025-02-01,248,23822.88,4.98
918,Sydney Opera House,Sydney,2024-10-06,570,30677.4,4.79
919,Eiffel Tower,Paris,2024-10-24,894,36162.3,3.51
920,Great Wall,Beijing,2024-08-17,816,55708.32,3.04
921,Eiffel Tower,Paris,2024-03-18,902,31885.7,3.2
922,Eiffel Tower,Paris,2025-02-19,769,72409.04,4.81
923,Statue of Liberty,New York,2024-03-15,816,69025.44,4.27
924,Statue of Liberty,New York,2024-05-09,324,31667.76,3.12
925,Statue of Liberty,New York,2024-09-25,89,6511.24,4.79
926,Great Wall,Beijing,2024-03-13,869,29059.359999999997,4.76
927,Burj Khalifa,Dubai,2024-08-21,203,8032.71,3.31
928,Sydney Opera House,Sydney,2024-10-26,99,9143.64,4.28
929,Great Wall,Beijing,2024-07-13,590,34963.4,4.02
930,Statue of Liberty,New York,2024-11-08,159,4261.2,4.49
931,Great Wall,Beijing,2024-08-05,801,78441.93000000001,3.41
932,Eiffel Tower,Paris,2025-03-01,654,52431.18,4.9
933,Eiffel Tower,Paris,2024-11-23,930,50154.9,4.75
934,Eiffel Tower,Paris,2024-06-08,965,38049.95,3.11
935,Statue of Liberty,New York,2024-06-18,218,17418.2,4.67
936,Great Wall,Beijing,2024-11-27,862,81726.22,3.98
937,Eiffel Tower,Paris,2024-05-16,103,8923.92,4.25
938,Eiffel Tower,Paris,2024-12-18,948,89235.23999999999,3.64
939,Eiffel Tower,Paris,2024-12-17,202,4843.96,3.2
940,Statue of Liberty,New York,2025-03-05,526,40086.46,4.58
941,Burj Khalifa,Dubai,2024-07-29,697,57809.18,4.95
942,Statue of Liberty,New York,2024-09-20,790,31852.8,4.44
943,Eiffel Tower,Paris,2025-01-10,816,23721.12,4.24
944,Great Wall,Beijing,2024-07-29,882,29485.26,3.31
945,Eiffel Tower,Paris,2024-08-28,260,12789.4,3.76
946,Burj Khalifa,Dubai,2025-01-22,803,25920.84,4.97
947,Eiffel Tower,Paris,2024-12-08,592,55085.6,4.3
948,Eiffel Tower,Paris,2024-09-06,971,88021.15000000001,3.39
949,Statue of Liberty,New York,2025-02-25,375,14861.250000000002,3.77
950,Eiffel Tower,Paris,2025-03-06,174,2743.98,3.55
951,Eiffel Tower,Paris,2024-08-13,327,26591.64,4.82
952,Eiffel Tower,Paris,2024-12-18,849,48452.43,4.4
953,Statue of Liberty,New York,2024-04-12,508,42148.76,4.35
954,Burj Khalifa,Dubai,2024-12-11,120,10632.0,3.55
955,Great Wall,Beijing,2025-02-04,922,89599.96,4.59
956,Eiffel Tower,Paris,2024-09-03,92,5539.32,3.63
957,Great Wall,Beijing,2024-04-25,868,52427.2,4.25
958,Statue of Liberty,New York,2025-03-01,126,11127.06,4.54
959,Eiffel Tower,Paris,2024-08-21,956,38459.88,5.0
960,Burj Khalifa,Dubai,2024-12-26,758,74716.06,4.2
961,Great Wall,Beijing,2024-07-26,529,32470.02,4.52
962,Burj Khalifa,Dubai,2024-09-21,717,45536.67,3.65
963,Burj Khalifa,Dubai,2024-08-09,123,6635.85,3.99
964,Statue of Liberty,New York,2024-03-27,809,29593.219999999998,3.02
965,Eiffel Tower,Paris,2024-07-29,616,22083.600000000002,4.14
966,Sydney Opera House,Sydney,2024-06-14,296,6586.0,3.68
967,Statue of Liberty,New York,2024-04-24,884,24133.2,3.35
968,Eiffel Tower,Paris,2025-03-06,394,25074.16,4.2
969,Burj Khalifa,Dubai,2025-02-24,461,39936.43,4.08
970,Great Wall,Beijing,2024-06-29,975,18632.25,4.15
971,Great Wall,Beijing,2024-12-22,441,34653.78,3.78
972,Burj Khalifa,Dubai,2024-07-05,608,26137.920000000002,3.37
973,Great Wall,Beijing,2025-01-03,910,72481.5,4.26
974,Great Wall,Beijing,2024-06-18,222,15107.099999999999,3.86
975,Great Wall,Beijing,2024-06-23,696,11435.28,4.34
976,Burj Khalifa,Dubai,2024-07-18,477,7694.009999999999,4.9
977,Eiffel Tower,Paris,2025-03-08,672,47369.28,3.18
978,Burj Khalifa,Dubai,2024-07-21,500,30660.0,3.11
979,Sydney Opera House,Sydney,2024-11-22,899,40113.38,3.23
980,Eiffel Tower,Paris,2025-02-07,667,19276.3,4.78
981,Eiffel Tower,Paris,2024-05-22,835,55828.1,3.76
982,Eiffel Tower,Paris,2024-08-13,830,26659.6,3.08
983,Burj Khalifa,Dubai,2024-04-20,78,3772.8599999999997,4.19
984,Burj Khalifa,Dubai,2024-06-29,302,6070.200000000001,4.8
985,Great Wall,Beijing,2024-09-07,460,35893.8,4.3
986,Burj Khalifa,Dubai,2024-08-29,681,54786.450000000004,4.75
987,Great Wall,Beijing,2025-01-07,569,5781.04,4.46
988,Great Wall,Beijing,2024-09-21,633,44240.37,4.25
989,Great Wall,Beijing,2024-09-22,812,20243.16,4.61
990,Burj Khalifa,Dubai,2024-10-04,855,60645.15000000001,3.68
991,Burj Khalifa,Dubai,2024-06-21,421,36614.37,4.33
992,Statue of Liberty,New York,2024-03-10,714,52550.399999999994,3.29
993,Sydney Opera House,Sydney,2024-07-19,915,58129.950000000004,4.15
994,Sydney Opera House,Sydney,2024-04-06,291,20183.76,4.62
995,Burj Khalifa,Dubai,2024-05-20,810,71288.1,3.85
996,Statue of Liberty,New York,2024-05-09,140,5108.6,4.41
997,Statue of Liberty,New York,2024-04-12,192,2555.52,4.21
998,Eiffel Tower,Paris,2024-06-10,978,97389.24,4.76
999,Burj Khalifa,Dubai,2024-05-28,64,5813.76,3.76
1000,Statue of Liberty,New York,2024-07-21,305,13810.4,4.29
