booking_id,customer_id,flight_number,airline,origin_city,destination_city,departure_date,arrival_date,booking_date,ticket_price
1,500,FL6844,United Airlines,Tokyo,London,2025-04-03,2025-04-03,2025-02-15,819.79
2,380,FL8071,Emirates,London,Tokyo,2024-08-06,2024-08-06,2024-08-06,565.6
3,699,FL6921,Emirates,Toronto,London,2024-10-08,2024-10-08,2024-08-22,513.88
4,391,FL4809,Lufthansa,London,Tokyo,2025-01-22,2025-01-22,2025-01-08,852.24
5,156,FL1878,Qatar Airways,Toronto,Paris,2024-08-04,2024-08-04,2024-06-11,1453.13
6,278,FL8064,Qatar Airways,Sydney,Toronto,2024-06-15,2024-06-15,2024-05-24,1034.11
7,968,FL3004,Emirates,Paris,Sydney,2025-01-17,2025-01-17,2024-12-07,727.48
8,582,FL6441,Qatar Airways,Dubai,New York,2025-02-08,2025-02-08,2025-01-14,317.86
9,542,FL6294,Lufthansa,Paris,New York,2024-05-19,2024-05-19,2024-04-24,554.34
10,462,FL9525,Delta,New York,Sydney,2025-01-26,2025-01-26,2024-12-15,840.54
11,750,FL4261,United Airlines,London,Toronto,2024-10-15,2024-10-15,2024-08-31,987.72
12,609,FL8054,Qatar Airways,Toronto,Tokyo,2024-05-15,2024-05-15,2024-05-06,1348.75
13,834,FL6868,Emirates,Sydney,London,2024-10-21,2024-10-21,2024-10-02,1115.84
14,942,FL9009,Lufthansa,Dubai,Paris,2024-06-28,2024-06-28,2024-06-11,155.05
15,168,FL8714,Emirates,Sydney,Tokyo,2024-08-14,2024-08-14,2024-08-13,959.84
16,867,FL4825,Emirates,Paris,New York,2025-01-29,2025-01-29,2025-01-22,974.12
17,380,FL1592,Lufthansa,Paris,New York,2024-07-15,2024-07-15,2024-06-19,448.38
18,410,FL6898,Lufthansa,New York,Sydney,2024-10-24,2024-10-24,2024-09-05,455.82
19,353,FL2940,United Airlines,Sydney,Paris,2024-10-18,2024-10-18,2024-08-30,1064.42
20,510,FL9079,Lufthansa,Paris,Dubai,2025-04-30,2025-04-30,2025-03-08,453.6
21,938,FL5731,Qatar Airways,Tokyo,Dubai,2024-07-08,2024-07-08,2024-06-14,1473.23
22,345,FL3559,Delta,Tokyo,New York,2024-04-20,2024-04-20,2024-04-03,759.47
23,805,FL1805,United Airlines,Dubai,Tokyo,2025-02-28,2025-02-28,2025-02-25,758.99
24,603,FL7816,United Airlines,Paris,New York,2024-09-19,2024-09-19,2024-08-12,496.18
25,972,FL1025,Emirates,Dubai,Toronto,2024-05-11,2024-05-11,2024-03-19,1279.59
26,557,FL1523,Qatar Airways,New York,Dubai,2024-05-19,2024-05-19,2024-05-12,1106.85
27,715,FL1707,Delta,London,New York,2024-05-18,2024-05-18,2024-04-20,1215.28
28,647,FL1366,Qatar Airways,New York,Sydney,2024-12-21,2024-12-21,2024-10-26,1078.19
29,911,FL7031,Lufthansa,Tokyo,London,2025-01-09,2025-01-09,2024-11-24,369.7
30,344,FL3189,Delta,Sydney,New York,2025-03-01,2025-03-01,2025-01-15,761.94
31,79,FL4151,Lufthansa,Dubai,Sydney,2024-11-28,2024-11-28,2024-11-13,1360.02
32,592,FL6847,Emirates,Tokyo,Sydney,2025-03-13,2025-03-13,2025-01-29,1494.2
33,369,FL3364,Emirates,Paris,Sydney,2024-07-14,2024-07-14,2024-06-19,1043.62
34,252,FL8803,Delta,Tokyo,London,2025-03-06,2025-03-06,2025-02-01,977.68
35,176,FL7678,Emirates,New York,Toronto,2024-09-23,2024-09-23,2024-09-09,202.88
36,816,FL8694,United Airlines,Tokyo,Paris,2025-02-14,2025-02-14,2025-01-19,1031.28
37,299,FL6937,Qatar Airways,Paris,Tokyo,2025-04-08,2025-04-08,2025-03-02,786.99
38,147,FL2994,United Airlines,Paris,Dubai,2025-02-16,2025-02-16,2025-01-15,105.5
39,936,FL6640,Qatar Airways,Toronto,Paris,2024-10-07,2024-10-07,2024-10-02,581.04
40,584,FL2920,Delta,New York,London,2024-12-17,2024-12-17,2024-10-23,877.9
41,944,FL4117,Qatar Airways,Dubai,Toronto,2025-02-17,2025-02-17,2024-12-31,241.36
42,5,FL7032,Qatar Airways,Sydney,Tokyo,2024-06-13,2024-06-13,2024-05-04,252.17
43,597,FL1358,Qatar Airways,Dubai,Sydney,2024-04-19,2024-04-19,2024-04-17,534.58
44,257,FL5030,Emirates,Dubai,Paris,2025-03-29,2025-03-29,2025-02-02,415.83
45,278,FL7480,Lufthansa,London,Dubai,2025-02-26,2025-02-26,2025-02-04,1024.6
46,973,FL8669,Delta,London,Dubai,2024-12-28,2024-12-28,2024-11-08,1292.77
47,345,FL6012,Lufthansa,Tokyo,Toronto,2024-08-09,2024-08-09,2024-06-28,839.36
48,638,FL6285,Delta,London,Paris,2024-04-27,2024-04-27,2024-04-01,1439.04
49,340,FL5569,United Airlines,Dubai,New York,2024-11-03,2024-11-03,2024-09-10,585.63
50,295,FL3001,Emirates,London,Tokyo,2024-11-20,2024-11-20,2024-10-02,481.9
51,155,FL5418,Delta,Sydney,Tokyo,2024-07-23,2024-07-23,2024-07-20,1147.49
52,156,FL8801,Lufthansa,Dubai,Paris,2024-06-30,2024-06-30,2024-06-10,1255.2
53,995,FL8551,Emirates,Sydney,London,2024-05-17,2024-05-17,2024-05-05,334.4
54,80,FL9153,Emirates,Tokyo,Paris,2024-07-08,2024-07-08,2024-07-03,597.42
55,713,FL7052,United Airlines,Sydney,New York,2024-06-05,2024-06-05,2024-05-02,572.25
56,822,FL6683,Delta,Sydney,London,2025-01-28,2025-01-28,2025-01-16,1399.74
57,444,FL1580,United Airlines,Dubai,Toronto,2024-06-02,2024-06-02,2024-04-18,346.3
58,847,FL2280,United Airlines,Dubai,Tokyo,2024-05-27,2024-05-27,2024-04-26,1494.97
59,505,FL3805,Qatar Airways,Sydney,Dubai,2024-07-28,2024-07-28,2024-07-20,544.16
60,858,FL3201,United Airlines,New York,Sydney,2024-09-09,2024-09-09,2024-07-15,1054.08
61,811,FL1125,Emirates,Tokyo,Dubai,2024-10-30,2024-10-30,2024-10-20,852.32
62,797,FL2630,Qatar Airways,New York,Paris,2024-05-02,2024-05-02,2024-04-22,1432.24
63,465,FL7278,Qatar Airways,Sydney,Tokyo,2025-02-21,2025-02-21,2025-01-23,708.66
64,833,FL7697,Lufthansa,London,Tokyo,2024-06-19,2024-06-19,2024-05-22,1043.79
65,712,FL3512,Qatar Airways,Sydney,London,2024-07-11,2024-07-11,2024-06-04,291.54
66,376,FL7170,Delta,Dubai,Sydney,2024-04-14,2024-04-14,2024-04-07,310.88
67,864,FL5763,Emirates,Dubai,London,2024-03-30,2024-03-30,2024-03-22,363.57
68,304,FL2305,Emirates,New York,London,2024-06-26,2024-06-26,2024-06-05,748.08
69,900,FL1271,Delta,Toronto,Tokyo,2024-06-16,2024-06-16,2024-05-27,768.98
70,108,FL4366,Emirates,Sydney,Dubai,2025-01-16,2025-01-16,2025-01-13,1414.54
71,318,FL2441,Lufthansa,Dubai,Paris,2024-10-26,2024-10-26,2024-09-25,1066.41
72,925,FL5888,Emirates,New York,London,2025-02-25,2025-02-25,2025-01-23,176.13
73,676,FL3211,Delta,New York,London,2024-05-04,2024-05-04,2024-05-01,652.37
74,212,FL1114,United Airlines,Sydney,Tokyo,2024-09-30,2024-09-30,2024-08-08,823.79
75,784,FL7104,Delta,Dubai,Paris,2024-10-22,2024-10-22,2024-09-01,534.58
76,587,FL2627,Lufthansa,Paris,New York,2024-12-06,2024-12-06,2024-10-30,1416.0
77,921,FL1864,Emirates,Paris,New York,2024-12-14,2024-12-14,2024-10-26,513.98
78,957,FL7349,Delta,London,Toronto,2024-10-24,2024-10-24,2024-10-04,902.33
79,160,FL3930,Lufthansa,Toronto,Sydney,2024-09-07,2024-09-07,2024-07-29,1321.02
80,515,FL6308,Lufthansa,Tokyo,Toronto,2025-04-06,2025-04-06,2025-03-05,894.45
81,529,FL8430,Delta,Toronto,London,2024-07-14,2024-07-14,2024-07-05,127.31
82,44,FL9319,Qatar Airways,London,Dubai,2024-08-07,2024-08-07,2024-07-29,355.0
83,566,FL6912,Delta,Paris,London,2025-02-03,2025-02-03,2024-12-31,117.2
84,432,FL3557,Qatar Airways,London,New York,2024-07-13,2024-07-13,2024-06-10,420.12
85,126,FL6593,Delta,Dubai,Tokyo,2024-10-09,2024-10-09,2024-09-07,239.0
86,698,FL6376,Qatar Airways,Dubai,New York,2024-08-14,2024-08-14,2024-08-13,1480.67
87,262,FL2192,United Airlines,Tokyo,New York,2024-11-28,2024-11-28,2024-11-27,1037.64
88,143,FL8098,Emirates,Dubai,Paris,2024-05-15,2024-05-15,2024-05-02,565.74
89,827,FL1233,Delta,London,Dubai,2024-10-27,2024-10-27,2024-09-09,166.64
90,106,FL4411,Lufthansa,London,Paris,2024-05-16,2024-05-16,2024-05-02,714.5
91,161,FL7851,Delta,London,Toronto,2024-09-03,2024-09-03,2024-07-18,164.09
92,393,FL3615,United Airlines,Sydney,Dubai,2024-12-22,2024-12-22,2024-10-30,1481.77
93,435,FL4214,Emirates,Tokyo,London,2024-11-28,2024-11-28,2024-10-11,1299.34
94,412,FL5874,Lufthansa,London,New York,2024-08-05,2024-08-05,2024-06-24,451.5
95,87,FL4506,Delta,Toronto,Tokyo,2025-04-17,2025-04-17,2025-03-06,716.29
96,200,FL1883,Lufthansa,Toronto,Tokyo,2025-01-31,2025-01-31,2025-01-31,1001.94
97,905,FL5490,Delta,Sydney,Tokyo,2024-07-04,2024-07-04,2024-05-08,929.4
98,541,FL9083,Delta,Tokyo,London,2024-04-29,2024-04-29,2024-03-25,1352.71
99,312,FL1309,Qatar Airways,Toronto,New York,2024-11-28,2024-11-28,2024-11-26,581.24
100,508,FL3641,Emirates,Sydney,New York,2024-12-16,2024-12-16,2024-11-24,1354.09
101,691,FL4794,United Airlines,Tokyo,Toronto,2025-02-26,2025-02-26,2025-02-24,1321.69
102,694,FL7978,Lufthansa,Paris,New York,2024-12-05,2024-12-05,2024-10-16,973.63
103,716,FL5758,Delta,London,New York,2024-04-07,2024-04-07,2024-03-27,699.81
104,374,FL4046,Emirates,London,Dubai,2025-03-28,2025-03-28,2025-03-01,1232.33
105,570,FL8518,Delta,Toronto,New York,2024-09-30,2024-09-30,2024-08-10,1166.81
106,510,FL7623,United Airlines,New York,Toronto,2024-08-04,2024-08-04,2024-07-24,1207.95
107,832,FL3218,United Airlines,Paris,London,2025-02-03,2025-02-03,2025-01-31,605.37
108,256,FL7973,Lufthansa,Tokyo,New York,2025-01-15,2025-01-15,2024-11-27,378.95
109,623,FL4103,United Airlines,Sydney,New York,2024-05-09,2024-05-09,2024-05-03,1372.48
110,223,FL7449,Emirates,Tokyo,New York,2024-11-18,2024-11-18,2024-10-23,1277.27
111,197,FL9564,Delta,Tokyo,Toronto,2024-05-26,2024-05-26,2024-05-22,632.65
112,885,FL1766,Qatar Airways,New York,Tokyo,2024-07-14,2024-07-14,2024-07-07,1118.0
113,306,FL6997,Emirates,London,Paris,2024-09-04,2024-09-04,2024-07-14,623.68
114,758,FL2450,Delta,Tokyo,Toronto,2025-03-06,2025-03-06,2025-01-25,1109.38
115,485,FL1994,Delta,Sydney,Paris,2024-05-19,2024-05-19,2024-04-27,278.77
116,726,FL8687,Qatar Airways,Toronto,New York,2024-05-11,2024-05-11,2024-04-10,1378.2
117,929,FL5163,Lufthansa,Dubai,Toronto,2024-12-30,2024-12-30,2024-12-21,549.21
118,382,FL8798,Qatar Airways,New York,Sydney,2024-08-21,2024-08-21,2024-08-04,1316.38
119,236,FL7416,Lufthansa,Paris,London,2025-04-13,2025-04-13,2025-02-25,369.68
120,89,FL6308,Qatar Airways,Tokyo,Paris,2024-09-15,2024-09-15,2024-08-23,639.01
121,102,FL2307,Delta,Sydney,New York,2024-05-28,2024-05-28,2024-05-16,661.13
122,942,FL4639,United Airlines,Toronto,Sydney,2024-12-23,2024-12-23,2024-11-29,786.11
123,583,FL1738,Lufthansa,Sydney,New York,2024-07-15,2024-07-15,2024-06-29,1152.61
124,302,FL1334,Qatar Airways,Toronto,Sydney,2025-03-12,2025-03-12,2025-02-15,594.25
125,197,FL4770,United Airlines,Toronto,London,2025-03-04,2025-03-04,2025-01-05,940.74
126,440,FL4030,United Airlines,New York,Paris,2024-04-15,2024-04-15,2024-03-24,1487.15
127,911,FL4543,United Airlines,Toronto,Sydney,2024-12-22,2024-12-22,2024-12-17,923.22
128,681,FL6923,Lufthansa,London,Dubai,2025-01-23,2025-01-23,2024-12-16,1006.21
129,757,FL5214,Lufthansa,London,New York,2024-10-05,2024-10-05,2024-08-17,1306.51
130,171,FL4945,United Airlines,London,Dubai,2024-10-11,2024-10-11,2024-10-01,173.85
131,743,FL3722,Delta,New York,Tokyo,2024-04-29,2024-04-29,2024-03-17,1150.78
132,112,FL8868,Emirates,Dubai,London,2024-12-12,2024-12-12,2024-11-05,866.35
133,272,FL9793,Qatar Airways,Sydney,Tokyo,2024-05-22,2024-05-22,2024-04-08,1086.85
134,503,FL6721,Qatar Airways,London,New York,2024-06-17,2024-06-17,2024-05-12,538.44
135,576,FL2194,Emirates,Paris,New York,2024-07-20,2024-07-20,2024-06-22,174.77
136,695,FL5132,Lufthansa,New York,Dubai,2025-04-05,2025-04-05,2025-02-07,305.88
137,263,FL3655,Lufthansa,London,Paris,2024-07-07,2024-07-07,2024-05-12,206.85
138,367,FL6703,Emirates,London,Paris,2024-10-28,2024-10-28,2024-08-31,732.56
139,371,FL7879,Emirates,Paris,New York,2024-08-15,2024-08-15,2024-07-17,729.93
140,398,FL4453,Qatar Airways,New York,Tokyo,2024-07-22,2024-07-22,2024-06-05,490.46
141,247,FL5396,Qatar Airways,Tokyo,London,2024-08-13,2024-08-13,2024-08-13,1218.08
142,549,FL9060,United Airlines,Paris,Dubai,2024-11-03,2024-11-03,2024-10-14,1019.61
143,659,FL2012,Lufthansa,Tokyo,Toronto,2024-09-17,2024-09-17,2024-07-22,1184.73
144,986,FL5938,United Airlines,Tokyo,Toronto,2024-05-24,2024-05-24,2024-04-23,877.75
145,266,FL3146,Delta,London,Tokyo,2024-09-03,2024-09-03,2024-07-07,1478.74
146,67,FL3819,Delta,New York,Tokyo,2024-12-10,2024-12-10,2024-12-04,1153.72
147,722,FL1184,Qatar Airways,Tokyo,Paris,2025-02-12,2025-02-12,2024-12-31,648.88
148,809,FL7359,Qatar Airways,Tokyo,Sydney,2024-05-20,2024-05-20,2024-04-09,339.97
149,818,FL9621,Lufthansa,Paris,Dubai,2024-06-05,2024-06-05,2024-04-16,1481.36
150,902,FL2442,Qatar Airways,Tokyo,New York,2025-01-23,2025-01-23,2025-01-19,809.42
151,835,FL2879,Qatar Airways,Toronto,Paris,2024-06-19,2024-06-19,2024-05-01,236.39
152,523,FL8190,Lufthansa,Toronto,Paris,2024-09-22,2024-09-22,2024-08-10,750.35
153,916,FL1543,Delta,London,Toronto,2025-04-16,2025-04-16,2025-02-17,676.99
154,425,FL4524,Qatar Airways,Dubai,Tokyo,2024-07-19,2024-07-19,2024-06-14,1411.71
155,539,FL4807,Delta,Tokyo,Sydney,2024-09-05,2024-09-05,2024-08-17,972.68
156,368,FL3823,United Airlines,New York,Sydney,2024-10-01,2024-10-01,2024-08-08,412.22
157,770,FL3326,United Airlines,London,Sydney,2024-09-20,2024-09-20,2024-08-20,692.69
158,224,FL3880,Emirates,Tokyo,Toronto,2024-10-16,2024-10-16,2024-10-12,155.61
159,454,FL1119,Delta,London,New York,2024-08-13,2024-08-13,2024-08-02,358.65
160,536,FL2016,United Airlines,Dubai,London,2024-12-03,2024-12-03,2024-11-29,646.72
161,911,FL6516,Delta,New York,Tokyo,2024-04-28,2024-04-28,2024-03-11,158.41
162,435,FL2835,Qatar Airways,Paris,Sydney,2024-11-15,2024-11-15,2024-10-10,823.04
163,275,FL9779,Emirates,Toronto,London,2024-08-12,2024-08-12,2024-07-01,110.18
164,886,FL6195,United Airlines,London,Toronto,2025-01-31,2025-01-31,2024-12-12,219.48
165,661,FL6716,Qatar Airways,Sydney,Toronto,2025-03-12,2025-03-12,2025-01-31,766.79
166,831,FL6189,Qatar Airways,Tokyo,Sydney,2024-12-04,2024-12-04,2024-11-02,1389.99
167,828,FL9738,United Airlines,Dubai,Paris,2024-06-04,2024-06-04,2024-04-11,1167.22
168,248,FL5276,Delta,New York,Tokyo,2025-01-04,2025-01-04,2024-12-11,1212.47
169,746,FL2137,Emirates,New York,Dubai,2024-07-30,2024-07-30,2024-06-16,1164.95
170,145,FL5843,Emirates,Paris,Dubai,2025-01-10,2025-01-10,2024-11-30,1497.77
171,255,FL7111,Qatar Airways,London,New York,2024-09-17,2024-09-17,2024-08-20,101.85
172,772,FL9675,Delta,Tokyo,New York,2025-01-17,2025-01-17,2024-11-29,542.13
173,302,FL5750,Qatar Airways,Tokyo,Dubai,2024-12-23,2024-12-23,2024-11-20,1367.0
174,849,FL9282,Lufthansa,New York,Tokyo,2025-02-16,2025-02-16,2025-01-25,1078.9
175,267,FL3229,Lufthansa,Dubai,Toronto,2025-01-28,2025-01-28,2025-01-14,514.57
176,101,FL3418,Qatar Airways,Toronto,Dubai,2024-12-07,2024-12-07,2024-11-05,339.52
177,101,FL2406,Qatar Airways,Dubai,London,2024-12-22,2024-12-22,2024-12-12,717.63
178,537,FL6836,United Airlines,Tokyo,Sydney,2024-10-10,2024-10-10,2024-09-07,687.71
179,16,FL7306,Qatar Airways,London,Sydney,2024-06-26,2024-06-26,2024-05-20,859.02
180,87,FL6612,Emirates,London,Paris,2024-05-10,2024-05-10,2024-04-05,186.81
181,764,FL8797,United Airlines,Toronto,Tokyo,2024-09-29,2024-09-29,2024-08-07,1214.6
182,883,FL3020,Emirates,Paris,Tokyo,2024-05-20,2024-05-20,2024-04-12,704.62
183,276,FL8237,Delta,Tokyo,New York,2024-07-09,2024-07-09,2024-06-13,1140.95
184,163,FL7562,United Airlines,Paris,Sydney,2024-12-16,2024-12-16,2024-12-16,554.09
185,495,FL3187,Delta,London,Paris,2025-03-10,2025-03-10,2025-01-15,851.94
186,3,FL5886,United Airlines,Sydney,Dubai,2025-01-20,2025-01-20,2024-12-01,1024.37
187,283,FL7281,Qatar Airways,Paris,Toronto,2025-02-09,2025-02-09,2024-12-15,573.78
188,604,FL7042,Emirates,Sydney,Tokyo,2024-05-03,2024-05-03,2024-05-03,727.92
189,707,FL4696,Delta,Paris,New York,2025-03-01,2025-03-01,2025-02-09,1486.16
190,659,FL6534,United Airlines,Paris,Dubai,2025-02-04,2025-02-04,2025-01-26,836.4
191,327,FL9146,Delta,Tokyo,Sydney,2024-06-04,2024-06-04,2024-04-20,660.55
192,246,FL4952,Qatar Airways,Dubai,Sydney,2024-07-22,2024-07-22,2024-06-19,603.6
193,961,FL6953,United Airlines,Tokyo,New York,2024-12-01,2024-12-01,2024-11-26,896.74
194,74,FL5842,Emirates,Toronto,New York,2025-01-23,2025-01-23,2025-01-15,443.22
195,336,FL4969,Lufthansa,Sydney,New York,2024-11-08,2024-11-08,2024-10-19,421.53
196,300,FL9685,United Airlines,Dubai,Tokyo,2024-10-15,2024-10-15,2024-08-22,174.83
197,852,FL4082,Delta,New York,Sydney,2024-11-25,2024-11-25,2024-11-01,139.41
198,142,FL3473,Emirates,Toronto,Dubai,2024-09-03,2024-09-03,2024-07-31,869.14
199,139,FL8637,Emirates,London,Toronto,2024-05-21,2024-05-21,2024-04-14,615.86
200,750,FL6463,Lufthansa,Tokyo,Paris,2024-12-18,2024-12-18,2024-11-26,917.46
201,301,FL1597,Lufthansa,New York,London,2024-06-17,2024-06-17,2024-05-14,101.22
202,375,FL5515,Emirates,Sydney,New York,2024-07-21,2024-07-21,2024-06-04,452.51
203,990,FL6597,United Airlines,Sydney,Tokyo,2024-07-27,2024-07-27,2024-06-09,371.49
204,170,FL8251,Qatar Airways,Paris,London,2024-04-17,2024-04-17,2024-04-17,906.05
205,435,FL2348,Qatar Airways,Sydney,Paris,2025-02-10,2025-02-10,2025-02-05,1230.33
206,619,FL3938,United Airlines,Sydney,Dubai,2024-06-28,2024-06-28,2024-05-24,1285.82
207,853,FL3929,Delta,Dubai,Toronto,2024-10-19,2024-10-19,2024-08-28,1354.55
208,230,FL4401,Qatar Airways,Paris,Toronto,2024-11-04,2024-11-04,2024-09-22,584.42
209,643,FL2319,Qatar Airways,New York,Sydney,2024-11-08,2024-11-08,2024-10-27,1014.58
210,602,FL9877,Qatar Airways,Paris,London,2024-11-14,2024-11-14,2024-11-10,1122.6
211,412,FL1518,Lufthansa,Toronto,London,2024-08-11,2024-08-11,2024-06-17,278.19
212,703,FL5864,Lufthansa,Tokyo,New York,2024-06-08,2024-06-08,2024-05-07,1066.64
213,163,FL8675,Emirates,Toronto,London,2024-04-03,2024-04-03,2024-03-27,948.92
214,542,FL3229,Emirates,Tokyo,Paris,2024-11-05,2024-11-05,2024-09-11,719.53
215,630,FL4126,Qatar Airways,Sydney,Paris,2024-12-29,2024-12-29,2024-12-23,397.29
216,948,FL6666,United Airlines,London,Dubai,2024-06-26,2024-06-26,2024-05-18,844.55
217,678,FL6821,Emirates,Paris,Sydney,2025-03-08,2025-03-08,2025-03-06,335.8
218,546,FL1974,Delta,Tokyo,Paris,2024-10-03,2024-10-03,2024-09-01,136.41
219,719,FL5446,Emirates,Dubai,Paris,2024-06-02,2024-06-02,2024-04-17,127.8
220,450,FL4433,United Airlines,New York,Paris,2024-07-13,2024-07-13,2024-06-18,192.24
221,469,FL2305,United Airlines,London,Dubai,2024-08-28,2024-08-28,2024-08-28,1021.4
222,557,FL9836,Qatar Airways,Tokyo,New York,2025-01-19,2025-01-19,2024-11-23,778.6
223,119,FL5484,Lufthansa,London,Dubai,2024-04-11,2024-04-11,2024-03-15,675.31
224,933,FL8147,Emirates,Dubai,New York,2024-07-30,2024-07-30,2024-06-29,734.91
225,795,FL7798,United Airlines,Sydney,Tokyo,2025-05-05,2025-05-05,2025-03-07,1089.19
226,122,FL8850,Delta,London,Tokyo,2024-04-16,2024-04-16,2024-04-02,667.55
227,358,FL7334,Emirates,London,Toronto,2024-06-21,2024-06-21,2024-06-12,722.91
228,761,FL3009,United Airlines,Sydney,Toronto,2024-08-21,2024-08-21,2024-07-31,1158.55
229,818,FL9795,United Airlines,New York,Sydney,2024-10-16,2024-10-16,2024-09-05,985.12
230,361,FL1617,Lufthansa,Toronto,Dubai,2024-10-22,2024-10-22,2024-10-03,486.89
231,528,FL5058,Emirates,Sydney,Tokyo,2025-01-09,2025-01-09,2025-01-07,136.12
232,938,FL7775,Delta,Toronto,Paris,2025-02-13,2025-02-13,2025-02-05,452.89
233,524,FL3330,Lufthansa,London,Dubai,2025-02-04,2025-02-04,2025-01-16,920.8
234,993,FL5984,Qatar Airways,Sydney,Paris,2024-04-08,2024-04-08,2024-03-24,950.77
235,73,FL3320,United Airlines,Paris,London,2024-12-25,2024-12-25,2024-11-24,1054.75
236,971,FL6316,Lufthansa,Paris,Tokyo,2024-05-22,2024-05-22,2024-04-26,628.4
237,120,FL1098,Delta,Tokyo,Paris,2024-05-18,2024-05-18,2024-04-24,1188.25
238,273,FL6050,Qatar Airways,Toronto,Paris,2024-11-28,2024-11-28,2024-11-28,199.92
239,218,FL3734,Emirates,Tokyo,Sydney,2025-01-26,2025-01-26,2024-12-16,779.14
240,388,FL2283,Lufthansa,Paris,New York,2025-03-12,2025-03-12,2025-02-28,1104.5
241,3,FL2099,United Airlines,Sydney,London,2025-01-26,2025-01-26,2025-01-23,1172.23
242,752,FL5136,Lufthansa,New York,Sydney,2024-09-25,2024-09-25,2024-08-13,889.24
243,729,FL5545,Lufthansa,London,Dubai,2025-02-23,2025-02-23,2025-02-14,1108.2
244,359,FL4497,Lufthansa,Sydney,Paris,2024-06-18,2024-06-18,2024-06-15,324.91
245,39,FL1667,Lufthansa,New York,Toronto,2024-07-11,2024-07-11,2024-06-27,830.14
246,747,FL1313,Delta,Paris,Toronto,2025-03-07,2025-03-07,2025-02-06,140.08
247,106,FL5189,Emirates,New York,Toronto,2024-11-10,2024-11-10,2024-11-06,401.91
248,464,FL2757,Lufthansa,London,Tokyo,2024-08-04,2024-08-04,2024-06-10,1471.68
249,309,FL5722,Delta,Toronto,Paris,2024-11-08,2024-11-08,2024-09-11,866.5
250,695,FL9521,Qatar Airways,Tokyo,Paris,2024-07-26,2024-07-26,2024-07-08,1346.07
251,162,FL4511,Emirates,London,Sydney,2025-02-23,2025-02-23,2025-01-30,1046.42
252,701,FL8932,United Airlines,Toronto,Sydney,2024-11-18,2024-11-18,2024-10-18,266.83
253,137,FL5138,Emirates,Sydney,Toronto,2025-02-04,2025-02-04,2025-01-06,542.45
254,630,FL2997,Delta,London,Toronto,2024-11-20,2024-11-20,2024-10-20,713.21
255,878,FL3933,Delta,Tokyo,Sydney,2024-10-10,2024-10-10,2024-09-24,489.51
256,248,FL2214,Qatar Airways,Paris,Toronto,2024-09-12,2024-09-12,2024-07-25,603.8
257,429,FL6709,Delta,Sydney,London,2024-11-29,2024-11-29,2024-11-11,578.96
258,560,FL1722,United Airlines,Paris,Sydney,2025-02-18,2025-02-18,2025-01-06,123.84
259,808,FL8669,Lufthansa,London,Dubai,2025-02-16,2025-02-16,2025-01-29,786.14
260,84,FL9972,United Airlines,Paris,London,2024-06-23,2024-06-23,2024-06-21,720.62
261,2,FL9205,Delta,Dubai,Paris,2024-04-01,2024-04-01,2024-03-28,1344.88
262,501,FL1978,Emirates,New York,Tokyo,2024-06-24,2024-06-24,2024-06-19,626.44
263,192,FL1768,Lufthansa,Paris,Dubai,2025-01-17,2025-01-17,2024-11-29,1178.73
264,220,FL6599,Qatar Airways,Tokyo,Sydney,2024-08-18,2024-08-18,2024-08-16,1054.33
265,506,FL9344,Delta,Sydney,Tokyo,2025-02-09,2025-02-09,2024-12-20,259.65
266,796,FL9850,Lufthansa,Toronto,Dubai,2024-09-25,2024-09-25,2024-08-03,547.86
267,478,FL8087,Lufthansa,Dubai,Tokyo,2024-05-10,2024-05-10,2024-03-28,763.47
268,265,FL3437,Lufthansa,London,Tokyo,2025-03-05,2025-03-05,2025-02-07,627.6
269,100,FL7396,Qatar Airways,Sydney,New York,2025-03-12,2025-03-12,2025-01-23,657.41
270,869,FL4661,United Airlines,New York,Sydney,2024-11-13,2024-11-13,2024-09-22,112.2
271,642,FL5048,Qatar Airways,Tokyo,Paris,2024-06-23,2024-06-23,2024-04-26,389.71
272,268,FL4442,Qatar Airways,London,Sydney,2024-08-07,2024-08-07,2024-07-20,615.61
273,845,FL7430,Qatar Airways,New York,Paris,2024-09-17,2024-09-17,2024-08-28,708.77
274,903,FL9811,Qatar Airways,Dubai,New York,2024-04-22,2024-04-22,2024-04-05,1382.54
275,607,FL7983,Qatar Airways,London,Toronto,2024-04-19,2024-04-19,2024-03-18,1318.84
276,473,FL2502,Emirates,Sydney,Toronto,2024-04-13,2024-04-13,2024-03-18,171.75
277,934,FL8492,Delta,New York,Toronto,2024-07-31,2024-07-31,2024-07-19,703.99
278,981,FL5496,Qatar Airways,New York,Paris,2024-04-18,2024-04-18,2024-04-05,401.94
279,782,FL8932,United Airlines,Sydney,New York,2025-03-17,2025-03-17,2025-03-01,614.33
280,994,FL9018,Delta,Dubai,Toronto,2024-05-05,2024-05-05,2024-03-12,1065.8
281,342,FL8851,Qatar Airways,Sydney,Dubai,2024-09-18,2024-09-18,2024-07-30,493.25
282,227,FL6757,Lufthansa,Paris,Toronto,2024-05-23,2024-05-23,2024-03-25,1035.31
283,418,FL2577,Qatar Airways,Sydney,Toronto,2024-09-27,2024-09-27,2024-08-02,925.09
284,253,FL9484,Emirates,London,Sydney,2024-11-20,2024-11-20,2024-10-06,470.2
285,279,FL5797,Lufthansa,Toronto,Paris,2024-11-25,2024-11-25,2024-10-09,947.67
286,777,FL3010,United Airlines,Toronto,Sydney,2024-07-10,2024-07-10,2024-05-18,1080.6
287,482,FL3317,Delta,Tokyo,Sydney,2025-04-03,2025-04-03,2025-03-04,322.31
288,594,FL7570,Qatar Airways,Toronto,London,2024-05-19,2024-05-19,2024-05-06,832.1
289,192,FL1795,Qatar Airways,New York,London,2024-11-12,2024-11-12,2024-10-15,191.7
290,765,FL3929,Qatar Airways,Sydney,Toronto,2025-03-06,2025-03-06,2025-02-03,977.86
291,582,FL8135,Qatar Airways,Dubai,Toronto,2024-07-14,2024-07-14,2024-07-05,1429.98
292,970,FL2926,Emirates,Paris,Tokyo,2024-06-09,2024-06-09,2024-06-01,1203.99
293,805,FL4032,Delta,Dubai,Paris,2024-06-08,2024-06-08,2024-04-19,235.16
294,344,FL4086,Lufthansa,Sydney,London,2025-01-12,2025-01-12,2025-01-03,133.87
295,470,FL8637,United Airlines,New York,Sydney,2024-07-24,2024-07-24,2024-07-05,871.24
296,146,FL1169,Emirates,Dubai,New York,2025-03-24,2025-03-24,2025-02-14,771.81
297,408,FL1538,Delta,London,New York,2024-12-14,2024-12-14,2024-10-31,1363.7
298,912,FL5188,Qatar Airways,Toronto,London,2024-10-15,2024-10-15,2024-10-13,1477.27
299,321,FL5287,Emirates,Toronto,London,2024-05-07,2024-05-07,2024-05-02,1295.56
300,951,FL3916,United Airlines,Sydney,Paris,2024-04-19,2024-04-19,2024-03-19,1033.76
301,920,FL8129,Qatar Airways,Tokyo,New York,2025-04-17,2025-04-17,2025-03-05,1200.32
302,145,FL1555,Delta,Toronto,Sydney,2024-07-21,2024-07-21,2024-07-08,1103.82
303,268,FL5222,United Airlines,Paris,Tokyo,2024-10-15,2024-10-15,2024-08-31,927.9
304,682,FL7484,Emirates,Toronto,Tokyo,2024-09-05,2024-09-05,2024-08-08,1133.34
305,364,FL1047,Qatar Airways,London,Dubai,2024-12-01,2024-12-01,2024-11-20,517.16
306,542,FL1663,Lufthansa,London,Dubai,2025-03-05,2025-03-05,2025-03-04,1206.5
307,60,FL4023,United Airlines,Sydney,New York,2025-02-25,2025-02-25,2025-02-07,731.31
308,176,FL5214,Qatar Airways,Dubai,London,2024-07-30,2024-07-30,2024-07-21,697.64
309,212,FL5666,United Airlines,Sydney,Tokyo,2025-02-19,2025-02-19,2025-01-12,764.22
310,886,FL5106,Qatar Airways,London,Tokyo,2024-11-01,2024-11-01,2024-09-14,430.38
311,454,FL3960,Qatar Airways,Dubai,New York,2024-09-21,2024-09-21,2024-08-14,1171.27
312,762,FL5778,Delta,Sydney,Dubai,2025-02-03,2025-02-03,2024-12-16,578.32
313,250,FL5438,Lufthansa,Sydney,Toronto,2024-09-05,2024-09-05,2024-09-01,1183.59
314,913,FL8573,Delta,Sydney,London,2025-02-11,2025-02-11,2025-01-24,912.86
315,282,FL4783,Lufthansa,Tokyo,London,2024-04-01,2024-04-01,2024-03-12,824.58
316,208,FL9559,Delta,Dubai,Tokyo,2024-11-16,2024-11-16,2024-11-03,769.08
317,904,FL3718,United Airlines,London,Paris,2024-11-30,2024-11-30,2024-11-09,304.14
318,323,FL9459,Qatar Airways,Sydney,London,2024-07-02,2024-07-02,2024-05-21,273.3
319,481,FL9674,Qatar Airways,New York,London,2024-05-19,2024-05-19,2024-05-02,609.23
320,590,FL6190,Lufthansa,Dubai,Paris,2024-12-15,2024-12-15,2024-11-16,927.07
321,895,FL3218,Qatar Airways,New York,Sydney,2025-01-01,2025-01-01,2024-12-12,946.22
322,998,FL6330,Delta,Sydney,Paris,2024-10-04,2024-10-04,2024-09-09,1456.78
323,140,FL2064,United Airlines,New York,Tokyo,2024-04-13,2024-04-13,2024-04-05,1349.54
324,499,FL5322,Emirates,Dubai,Toronto,2025-03-09,2025-03-09,2025-01-15,635.5
325,202,FL9510,Qatar Airways,New York,London,2024-05-05,2024-05-05,2024-04-03,1377.89
326,922,FL7562,United Airlines,Toronto,Tokyo,2024-11-04,2024-11-04,2024-10-02,1332.32
327,220,FL1747,Qatar Airways,London,Tokyo,2024-07-20,2024-07-20,2024-07-18,606.04
328,919,FL5430,Delta,London,Tokyo,2024-09-12,2024-09-12,2024-09-01,417.52
329,247,FL2141,Delta,Tokyo,Toronto,2025-01-13,2025-01-13,2024-11-30,282.52
330,637,FL3679,Lufthansa,New York,Dubai,2024-09-26,2024-09-26,2024-09-15,316.34
331,878,FL2318,United Airlines,Dubai,Toronto,2024-06-26,2024-06-26,2024-04-28,971.08
332,833,FL6810,Emirates,Toronto,Sydney,2024-05-31,2024-05-31,2024-05-04,524.39
333,738,FL7242,Emirates,Tokyo,Dubai,2024-09-13,2024-09-13,2024-08-31,807.1
334,819,FL8049,Emirates,London,Dubai,2024-08-10,2024-08-10,2024-07-20,831.77
335,665,FL8979,Qatar Airways,New York,Tokyo,2024-08-07,2024-08-07,2024-07-02,1311.8
336,152,FL2672,Qatar Airways,Tokyo,Paris,2024-07-12,2024-07-12,2024-06-15,101.39
337,460,FL2239,Emirates,Dubai,London,2024-04-19,2024-04-19,2024-04-12,1398.24
338,682,FL6003,Qatar Airways,Toronto,Dubai,2024-09-27,2024-09-27,2024-08-30,853.05
339,378,FL2873,Qatar Airways,Toronto,London,2024-10-25,2024-10-25,2024-09-21,511.54
340,971,FL1213,Emirates,Paris,London,2024-09-18,2024-09-18,2024-09-06,252.49
341,474,FL8707,Lufthansa,London,Toronto,2025-04-20,2025-04-20,2025-02-24,858.22
342,618,FL7004,United Airlines,Dubai,Tokyo,2025-02-28,2025-02-28,2025-02-09,1328.97
343,728,FL8916,Delta,Tokyo,Sydney,2025-03-07,2025-03-07,2025-02-07,780.44
344,984,FL2677,United Airlines,Sydney,Toronto,2024-04-02,2024-04-02,2024-03-16,561.23
345,502,FL1957,United Airlines,Tokyo,New York,2024-12-31,2024-12-31,2024-11-28,185.27
346,765,FL8984,Emirates,Dubai,Tokyo,2024-11-10,2024-11-10,2024-10-01,649.49
347,347,FL2603,United Airlines,London,Sydney,2024-05-11,2024-05-11,2024-05-06,480.55
348,902,FL8977,Qatar Airways,Sydney,Dubai,2024-06-03,2024-06-03,2024-06-01,688.92
349,884,FL7174,Delta,Paris,Toronto,2024-11-20,2024-11-20,2024-10-06,428.83
350,64,FL2427,Delta,Sydney,New York,2024-08-31,2024-08-31,2024-07-08,215.52
351,8,FL3614,United Airlines,Sydney,Tokyo,2024-03-20,2024-03-20,2024-03-13,1088.21
352,940,FL9235,Emirates,London,Toronto,2024-11-22,2024-11-22,2024-11-22,461.12
353,41,FL1051,Lufthansa,London,Dubai,2024-10-25,2024-10-25,2024-09-27,1182.93
354,673,FL3188,United Airlines,New York,Toronto,2025-03-13,2025-03-13,2025-02-11,1325.02
355,321,FL9506,Qatar Airways,London,Toronto,2025-02-22,2025-02-22,2024-12-30,1034.65
356,788,FL7056,Emirates,Tokyo,New York,2025-01-24,2025-01-24,2025-01-08,1329.8
357,468,FL6278,United Airlines,London,Sydney,2024-09-02,2024-09-02,2024-07-23,1485.57
358,921,FL4558,Delta,New York,Toronto,2025-02-14,2025-02-14,2025-02-10,1278.41
359,437,FL8124,United Airlines,London,Paris,2024-05-13,2024-05-13,2024-03-16,662.97
360,46,FL7722,Qatar Airways,Sydney,Dubai,2024-06-21,2024-06-21,2024-05-05,458.83
361,114,FL5352,Emirates,Paris,Dubai,2024-10-26,2024-10-26,2024-10-18,687.41
362,174,FL3638,United Airlines,Dubai,Sydney,2025-04-07,2025-04-07,2025-03-03,1490.87
363,763,FL5572,Delta,Toronto,London,2025-02-12,2025-02-12,2024-12-24,311.08
364,939,FL8409,Lufthansa,Sydney,Paris,2024-08-01,2024-08-01,2024-07-18,692.12
365,517,FL9294,Delta,Paris,Dubai,2025-02-04,2025-02-04,2025-01-25,775.92
366,370,FL1818,Emirates,London,Tokyo,2024-09-03,2024-09-03,2024-08-02,1050.11
367,960,FL3689,Lufthansa,Toronto,Sydney,2024-05-27,2024-05-27,2024-03-29,1320.54
368,125,FL1229,Qatar Airways,Toronto,Sydney,2025-01-12,2025-01-12,2024-12-09,556.2
369,135,FL4594,Lufthansa,Dubai,Sydney,2024-12-17,2024-12-17,2024-12-11,962.47
370,849,FL4576,Delta,Toronto,New York,2024-07-07,2024-07-07,2024-06-25,156.76
371,255,FL9888,Qatar Airways,London,Tokyo,2024-08-11,2024-08-11,2024-08-04,900.01
372,880,FL2310,United Airlines,Toronto,London,2024-09-20,2024-09-20,2024-09-01,1006.32
373,828,FL4254,Delta,Toronto,London,2024-05-08,2024-05-08,2024-03-14,1420.29
374,295,FL2987,Lufthansa,Toronto,Dubai,2024-12-09,2024-12-09,2024-11-07,774.46
375,882,FL1134,Lufthansa,Tokyo,Dubai,2024-10-23,2024-10-23,2024-09-29,640.64
376,672,FL6588,Qatar Airways,Toronto,Paris,2024-10-21,2024-10-21,2024-09-29,1185.24
377,636,FL1259,Lufthansa,New York,Dubai,2025-01-14,2025-01-14,2024-12-09,309.36
378,349,FL9432,Lufthansa,New York,Toronto,2024-03-29,2024-03-29,2024-03-10,1429.56
379,687,FL1040,Qatar Airways,Toronto,London,2024-05-28,2024-05-28,2024-05-19,345.17
380,921,FL4340,Qatar Airways,Sydney,Toronto,2024-06-26,2024-06-26,2024-05-20,722.88
381,902,FL6819,Qatar Airways,Sydney,London,2024-11-08,2024-11-08,2024-09-24,1423.43
382,961,FL2963,United Airlines,Tokyo,Sydney,2024-10-08,2024-10-08,2024-08-31,1183.29
383,23,FL9470,Emirates,Sydney,London,2024-10-12,2024-10-12,2024-08-23,918.32
384,728,FL6901,Qatar Airways,Sydney,London,2024-06-01,2024-06-01,2024-05-15,1363.88
385,543,FL9103,Emirates,Tokyo,Toronto,2024-12-18,2024-12-18,2024-11-07,1018.59
386,752,FL9527,Lufthansa,Dubai,London,2025-02-03,2025-02-03,2025-01-31,1402.64
387,768,FL9480,Qatar Airways,London,Paris,2025-01-16,2025-01-16,2024-11-21,788.82
388,884,FL1276,Emirates,Tokyo,Paris,2025-01-30,2025-01-30,2025-01-25,863.96
389,714,FL5498,Qatar Airways,London,New York,2025-01-02,2025-01-02,2024-12-08,1069.0
390,540,FL6001,Delta,Dubai,Toronto,2025-03-25,2025-03-25,2025-02-18,1441.83
391,320,FL3539,Lufthansa,Dubai,Toronto,2024-12-21,2024-12-21,2024-11-20,1250.91
392,552,FL7701,Qatar Airways,London,Toronto,2025-04-10,2025-04-10,2025-02-24,815.89
393,708,FL3273,Emirates,Paris,Toronto,2024-11-29,2024-11-29,2024-10-07,1071.13
394,119,FL9655,Delta,Paris,London,2024-11-12,2024-11-12,2024-11-04,646.53
395,378,FL1193,Qatar Airways,Dubai,New York,2025-04-23,2025-04-23,2025-03-01,116.3
396,278,FL4079,United Airlines,Toronto,London,2024-11-16,2024-11-16,2024-09-18,1367.94
397,918,FL4610,Delta,Toronto,London,2024-07-16,2024-07-16,2024-06-08,734.64
398,330,FL6968,Lufthansa,Dubai,Toronto,2024-10-13,2024-10-13,2024-09-27,820.26
399,215,FL7050,Lufthansa,New York,Paris,2024-06-19,2024-06-19,2024-04-29,1105.74
400,579,FL4321,Emirates,Dubai,Toronto,2024-12-19,2024-12-19,2024-11-14,406.96
401,715,FL7355,Delta,London,Tokyo,2024-12-23,2024-12-23,2024-12-10,402.31
402,543,FL3818,Lufthansa,Toronto,Dubai,2024-05-04,2024-05-04,2024-04-07,820.47
403,797,FL4572,Lufthansa,London,Toronto,2025-04-03,2025-04-03,2025-02-12,126.97
404,683,FL5037,Lufthansa,Sydney,New York,2024-12-11,2024-12-11,2024-11-03,887.57
405,654,FL1661,Qatar Airways,Sydney,Dubai,2024-05-27,2024-05-27,2024-04-10,884.08
406,99,FL8405,Lufthansa,Tokyo,Paris,2024-12-29,2024-12-29,2024-11-22,1091.99
407,625,FL7176,Lufthansa,Toronto,Sydney,2024-12-23,2024-12-23,2024-12-21,1330.56
408,264,FL6811,Delta,Paris,London,2024-10-30,2024-10-30,2024-10-08,870.88
409,584,FL8292,Delta,Toronto,Tokyo,2025-01-08,2025-01-08,2024-11-30,350.79
410,199,FL6631,Emirates,Paris,Sydney,2024-10-05,2024-10-05,2024-09-12,555.35
411,591,FL7312,Qatar Airways,New York,Sydney,2024-07-06,2024-07-06,2024-05-29,681.96
412,357,FL4431,United Airlines,Paris,Toronto,2024-09-17,2024-09-17,2024-08-18,776.16
413,449,FL4373,Emirates,Tokyo,Dubai,2024-04-19,2024-04-19,2024-03-13,1225.52
414,76,FL9130,Emirates,London,Paris,2024-04-27,2024-04-27,2024-03-30,1263.58
415,171,FL3491,Delta,Paris,Tokyo,2024-12-13,2024-12-13,2024-11-04,780.7
416,359,FL6150,United Airlines,Toronto,Dubai,2024-07-21,2024-07-21,2024-05-24,604.49
417,913,FL5999,United Airlines,London,Dubai,2024-06-30,2024-06-30,2024-05-26,1093.72
418,763,FL4789,Delta,Toronto,Dubai,2024-08-03,2024-08-03,2024-07-04,226.24
419,134,FL5926,Lufthansa,Sydney,London,2024-09-05,2024-09-05,2024-07-11,183.18
420,317,FL1368,Lufthansa,Paris,Sydney,2024-08-09,2024-08-09,2024-06-18,977.38
421,582,FL1698,Emirates,Toronto,Sydney,2024-07-18,2024-07-18,2024-06-22,893.95
422,202,FL2157,Delta,Dubai,New York,2024-10-22,2024-10-22,2024-10-08,519.81
423,19,FL9915,Delta,New York,Paris,2024-09-26,2024-09-26,2024-08-31,348.98
424,297,FL9313,United Airlines,Toronto,Sydney,2024-11-20,2024-11-20,2024-10-30,1135.77
425,458,FL3080,Emirates,Paris,Dubai,2025-01-07,2025-01-07,2024-11-16,887.52
426,512,FL9353,Qatar Airways,Dubai,Toronto,2024-11-05,2024-11-05,2024-09-15,804.83
427,901,FL2580,Emirates,Tokyo,New York,2025-04-17,2025-04-17,2025-02-17,949.97
428,404,FL7780,Emirates,New York,Toronto,2024-03-19,2024-03-19,2024-03-11,1185.29
429,292,FL3764,Qatar Airways,Paris,London,2025-01-18,2025-01-18,2025-01-02,1137.75
430,420,FL8051,Lufthansa,Sydney,Dubai,2024-10-03,2024-10-03,2024-08-30,1157.71
431,978,FL8229,Delta,New York,Paris,2024-07-23,2024-07-23,2024-06-03,447.67
432,783,FL6429,United Airlines,London,Sydney,2025-04-01,2025-04-01,2025-02-06,304.42
433,809,FL9120,Emirates,New York,Tokyo,2024-07-03,2024-07-03,2024-06-09,536.78
434,958,FL8147,Lufthansa,London,Sydney,2025-04-27,2025-04-27,2025-03-03,199.64
435,576,FL9674,Delta,Sydney,London,2024-10-25,2024-10-25,2024-10-10,1165.1
436,723,FL7069,Qatar Airways,London,Sydney,2024-03-15,2024-03-15,2024-03-15,586.06
437,212,FL2102,Emirates,Paris,Tokyo,2024-11-09,2024-11-09,2024-11-01,1011.18
438,29,FL5775,Delta,New York,Paris,2024-04-29,2024-04-29,2024-04-24,849.44
439,194,FL9863,Delta,London,Toronto,2025-03-07,2025-03-07,2025-02-27,469.37
440,275,FL7199,Delta,Sydney,Toronto,2024-11-26,2024-11-26,2024-11-16,385.79
441,44,FL5204,Delta,Tokyo,Dubai,2024-08-12,2024-08-12,2024-06-28,463.01
442,92,FL3950,Delta,New York,Sydney,2024-08-15,2024-08-15,2024-06-25,728.85
443,351,FL4808,Delta,New York,Sydney,2024-08-05,2024-08-05,2024-07-30,301.96
444,66,FL8591,Delta,Paris,Tokyo,2024-08-07,2024-08-07,2024-07-22,704.53
445,826,FL7007,Emirates,New York,Dubai,2024-11-29,2024-11-29,2024-10-18,1109.66
446,895,FL2230,Lufthansa,Paris,Sydney,2024-07-18,2024-07-18,2024-06-29,1291.14
447,376,FL8211,Delta,Paris,Dubai,2025-04-11,2025-04-11,2025-02-26,1452.4
448,377,FL6644,Lufthansa,Dubai,London,2024-09-10,2024-09-10,2024-08-17,428.79
449,654,FL4099,Lufthansa,Paris,Toronto,2024-12-24,2024-12-24,2024-11-10,429.41
450,953,FL7448,Lufthansa,Tokyo,Toronto,2024-11-21,2024-11-21,2024-10-27,1179.42
451,965,FL7094,Delta,Toronto,Paris,2024-12-28,2024-12-28,2024-12-01,444.05
452,227,FL3042,Qatar Airways,Paris,Dubai,2024-12-25,2024-12-25,2024-11-27,784.82
453,63,FL7690,Delta,Tokyo,New York,2025-03-03,2025-03-03,2025-01-10,588.01
454,514,FL5195,Qatar Airways,Paris,Sydney,2024-08-28,2024-08-28,2024-07-03,939.89
455,742,FL9862,Qatar Airways,Toronto,Paris,2024-07-10,2024-07-10,2024-05-24,489.18
456,501,FL3362,Lufthansa,Toronto,Tokyo,2024-10-30,2024-10-30,2024-09-04,1342.0
457,208,FL2430,Delta,New York,Toronto,2024-08-20,2024-08-20,2024-07-28,710.92
458,88,FL7883,Qatar Airways,London,Sydney,2025-02-04,2025-02-04,2025-02-03,1315.11
459,148,FL1633,United Airlines,New York,Toronto,2025-01-22,2025-01-22,2024-12-13,1170.24
460,708,FL8882,Lufthansa,Sydney,New York,2025-03-08,2025-03-08,2025-02-03,962.56
461,439,FL4170,Emirates,New York,Tokyo,2024-09-10,2024-09-10,2024-08-24,955.12
462,616,FL2469,United Airlines,New York,Dubai,2024-11-10,2024-11-10,2024-10-24,564.76
463,513,FL2685,Delta,Paris,Tokyo,2024-11-09,2024-11-09,2024-11-04,1171.14
464,967,FL2466,Qatar Airways,Paris,Dubai,2024-06-20,2024-06-20,2024-06-10,657.03
465,596,FL8248,Qatar Airways,Dubai,Paris,2025-02-16,2025-02-16,2025-02-15,1278.59
466,941,FL2840,Emirates,Paris,Tokyo,2024-11-04,2024-11-04,2024-10-12,1323.22
467,64,FL6152,Emirates,Paris,New York,2024-11-03,2024-11-03,2024-09-14,296.46
468,4,FL4052,Delta,Tokyo,Dubai,2024-08-20,2024-08-20,2024-07-09,1298.98
469,92,FL5905,Emirates,Tokyo,Dubai,2024-07-30,2024-07-30,2024-06-19,480.42
470,585,FL3603,United Airlines,Toronto,New York,2024-11-03,2024-11-03,2024-09-21,1029.16
471,718,FL3493,Delta,London,New York,2025-02-27,2025-02-27,2025-01-06,358.26
472,73,FL7035,Qatar Airways,Dubai,Paris,2024-11-06,2024-11-06,2024-10-13,809.25
473,496,FL4302,United Airlines,Paris,Toronto,2025-03-13,2025-03-13,2025-02-20,688.37
474,888,FL9574,United Airlines,Sydney,New York,2025-03-15,2025-03-15,2025-01-23,246.36
475,302,FL3379,Qatar Airways,Tokyo,Sydney,2024-04-13,2024-04-13,2024-03-10,855.81
476,172,FL1642,Delta,Tokyo,Paris,2024-04-26,2024-04-26,2024-04-26,816.96
477,181,FL4418,Emirates,Dubai,Sydney,2025-03-01,2025-03-01,2025-01-17,639.42
478,119,FL6158,Emirates,Tokyo,London,2024-09-29,2024-09-29,2024-08-15,224.89
479,481,FL8656,Lufthansa,New York,Dubai,2024-04-22,2024-04-22,2024-04-02,472.84
480,169,FL7492,Qatar Airways,Tokyo,Toronto,2024-04-27,2024-04-27,2024-04-04,306.57
481,566,FL7123,Lufthansa,Dubai,Tokyo,2024-12-29,2024-12-29,2024-11-01,384.54
482,180,FL6572,Emirates,Toronto,Sydney,2024-06-20,2024-06-20,2024-05-29,1168.89
483,650,FL4395,Qatar Airways,Dubai,Toronto,2025-01-23,2025-01-23,2025-01-05,493.76
484,993,FL4393,United Airlines,New York,Paris,2024-06-25,2024-06-25,2024-06-23,115.37
485,97,FL9010,United Airlines,London,Sydney,2025-01-10,2025-01-10,2024-12-03,174.72
486,383,FL7031,United Airlines,London,Paris,2024-09-22,2024-09-22,2024-08-30,675.2
487,293,FL2964,United Airlines,Tokyo,London,2024-12-15,2024-12-15,2024-11-17,481.24
488,184,FL6126,Qatar Airways,London,Toronto,2025-04-04,2025-04-04,2025-03-05,1111.42
489,634,FL6823,Delta,Tokyo,London,2024-05-09,2024-05-09,2024-03-28,1352.72
490,854,FL6154,Qatar Airways,Dubai,Toronto,2024-07-15,2024-07-15,2024-07-09,701.02
491,405,FL9141,Lufthansa,Toronto,Dubai,2024-05-11,2024-05-11,2024-03-24,988.41
492,862,FL5737,United Airlines,Sydney,London,2024-08-19,2024-08-19,2024-07-13,775.81
493,647,FL3153,Emirates,New York,Sydney,2024-12-07,2024-12-07,2024-11-07,1154.33
494,582,FL9130,Delta,Paris,Sydney,2025-04-10,2025-04-10,2025-02-18,303.29
495,756,FL9112,United Airlines,Paris,Dubai,2024-06-04,2024-06-04,2024-06-02,1229.17
496,113,FL6040,Emirates,London,Tokyo,2025-02-07,2025-02-07,2024-12-18,1248.64
497,992,FL4883,Qatar Airways,Sydney,Tokyo,2024-10-12,2024-10-12,2024-09-09,1190.55
498,739,FL6488,Emirates,Paris,Toronto,2024-09-20,2024-09-20,2024-08-23,1357.53
499,975,FL2196,Qatar Airways,Toronto,London,2025-01-21,2025-01-21,2025-01-20,558.16
500,643,FL2153,United Airlines,Dubai,Tokyo,2024-08-17,2024-08-17,2024-07-28,544.14
501,770,FL7852,Delta,New York,Dubai,2024-12-06,2024-12-06,2024-12-06,913.27
502,132,FL7518,Qatar Airways,Tokyo,Toronto,2024-06-18,2024-06-18,2024-06-08,851.98
503,846,FL1440,Delta,New York,Sydney,2025-02-22,2025-02-22,2025-01-14,968.07
504,365,FL7899,United Airlines,Sydney,New York,2024-09-04,2024-09-04,2024-07-28,650.65
505,73,FL6619,Lufthansa,Dubai,Sydney,2024-07-10,2024-07-10,2024-05-30,1462.51
506,910,FL5207,Emirates,Tokyo,Sydney,2025-01-11,2025-01-11,2024-12-20,704.17
507,689,FL4681,Delta,Toronto,Dubai,2024-05-15,2024-05-15,2024-04-24,753.11
508,183,FL4246,United Airlines,Tokyo,Sydney,2024-06-21,2024-06-21,2024-05-29,232.64
509,851,FL8142,Qatar Airways,Tokyo,Sydney,2025-02-23,2025-02-23,2025-02-13,351.4
510,962,FL1663,Qatar Airways,New York,Tokyo,2025-03-06,2025-03-06,2025-01-21,1271.73
511,128,FL8221,Delta,Sydney,New York,2024-11-09,2024-11-09,2024-10-04,531.25
512,873,FL2770,Lufthansa,Paris,Toronto,2024-12-08,2024-12-08,2024-12-06,1245.99
513,671,FL3184,Lufthansa,London,Dubai,2024-07-18,2024-07-18,2024-06-06,190.64
514,442,FL6715,Lufthansa,Tokyo,New York,2025-02-28,2025-02-28,2025-01-23,1137.64
515,753,FL2187,Delta,London,Tokyo,2024-09-28,2024-09-28,2024-09-12,594.57
516,386,FL4376,Lufthansa,London,Dubai,2024-07-02,2024-07-02,2024-06-30,649.9
517,127,FL2559,Qatar Airways,Toronto,Paris,2025-01-05,2025-01-05,2024-11-26,324.3
518,443,FL4328,Qatar Airways,Tokyo,Toronto,2024-05-02,2024-05-02,2024-04-21,1091.12
519,307,FL2361,Lufthansa,New York,London,2025-02-17,2025-02-17,2025-01-08,403.27
520,356,FL6279,Delta,New York,Tokyo,2024-09-06,2024-09-06,2024-08-07,843.68
521,355,FL8893,Lufthansa,Paris,Sydney,2025-04-25,2025-04-25,2025-03-05,469.51
522,870,FL7642,Delta,London,New York,2024-07-19,2024-07-19,2024-05-27,1235.32
523,500,FL4676,Emirates,London,Toronto,2024-06-23,2024-06-23,2024-06-03,1479.46
524,399,FL3739,Lufthansa,New York,Paris,2024-08-02,2024-08-02,2024-07-03,594.53
525,131,FL8031,Qatar Airways,Sydney,Toronto,2025-03-31,2025-03-31,2025-03-05,1426.13
526,212,FL1591,Emirates,Tokyo,Sydney,2025-04-02,2025-04-02,2025-03-04,676.66
527,88,FL5276,Qatar Airways,London,Tokyo,2024-08-24,2024-08-24,2024-07-21,1179.86
528,508,FL1559,Lufthansa,Tokyo,London,2024-11-07,2024-11-07,2024-09-09,1056.39
529,655,FL3236,Emirates,Tokyo,Sydney,2024-07-06,2024-07-06,2024-06-08,352.32
530,513,FL4078,United Airlines,Dubai,New York,2024-10-28,2024-10-28,2024-09-18,961.58
531,251,FL5914,Lufthansa,New York,Sydney,2025-04-03,2025-04-03,2025-03-07,987.41
532,759,FL2968,United Airlines,New York,London,2024-05-02,2024-05-02,2024-04-27,627.79
533,563,FL6596,Qatar Airways,New York,Dubai,2024-06-02,2024-06-02,2024-05-02,1048.56
534,686,FL1391,United Airlines,Sydney,Tokyo,2024-10-16,2024-10-16,2024-09-07,1466.79
535,974,FL2524,Qatar Airways,London,Sydney,2025-01-22,2025-01-22,2024-11-29,117.94
536,903,FL8505,Qatar Airways,Paris,Sydney,2024-07-30,2024-07-30,2024-06-23,1015.97
537,368,FL3943,Qatar Airways,Sydney,Dubai,2025-03-24,2025-03-24,2025-02-13,269.97
538,258,FL4638,United Airlines,New York,Toronto,2024-10-28,2024-10-28,2024-10-17,387.02
539,592,FL2142,Lufthansa,Toronto,Paris,2024-06-03,2024-06-03,2024-04-09,463.71
540,802,FL7220,United Airlines,Dubai,Paris,2024-05-24,2024-05-24,2024-04-07,412.36
541,551,FL8127,United Airlines,Toronto,London,2025-04-02,2025-04-02,2025-02-17,1224.77
542,442,FL2254,Delta,Dubai,Paris,2024-07-02,2024-07-02,2024-06-11,467.79
543,211,FL6772,Emirates,Tokyo,Dubai,2024-08-04,2024-08-04,2024-06-18,781.09
544,46,FL9345,Emirates,Paris,Tokyo,2024-07-15,2024-07-15,2024-05-31,1255.02
545,657,FL7888,Delta,Tokyo,Dubai,2024-09-04,2024-09-04,2024-08-20,791.91
546,708,FL9400,United Airlines,Sydney,Dubai,2024-08-09,2024-08-09,2024-06-26,408.23
547,119,FL7468,Lufthansa,Tokyo,Toronto,2025-02-14,2025-02-14,2024-12-19,587.85
548,205,FL8918,Emirates,Toronto,Dubai,2024-11-16,2024-11-16,2024-10-11,653.78
549,725,FL2113,Delta,London,Dubai,2024-06-19,2024-06-19,2024-05-26,476.43
550,287,FL6985,United Airlines,Sydney,Tokyo,2025-03-30,2025-03-30,2025-03-07,368.1
551,882,FL3109,United Airlines,Paris,Dubai,2024-05-17,2024-05-17,2024-05-03,1337.9
552,21,FL7335,Delta,Sydney,Toronto,2025-01-30,2025-01-30,2025-01-20,1474.49
553,723,FL2374,Qatar Airways,Tokyo,Toronto,2024-07-23,2024-07-23,2024-06-18,525.32
554,959,FL8113,United Airlines,Dubai,London,2024-10-10,2024-10-10,2024-09-28,466.67
555,327,FL8199,United Airlines,Paris,Sydney,2025-03-28,2025-03-28,2025-02-01,753.62
556,634,FL9467,Delta,Paris,London,2025-01-15,2025-01-15,2024-11-30,603.54
557,701,FL9206,Lufthansa,London,Sydney,2024-10-18,2024-10-18,2024-08-28,418.78
558,457,FL6255,Qatar Airways,Dubai,Paris,2024-05-25,2024-05-25,2024-05-17,428.68
559,390,FL9264,Lufthansa,Dubai,Tokyo,2024-12-07,2024-12-07,2024-12-05,186.12
560,103,FL3945,Qatar Airways,Paris,Dubai,2024-04-18,2024-04-18,2024-04-17,493.02
561,145,FL4594,United Airlines,Dubai,Toronto,2024-08-18,2024-08-18,2024-08-07,237.22
562,291,FL9089,Lufthansa,London,Tokyo,2024-09-22,2024-09-22,2024-09-10,1496.8
563,434,FL8049,Qatar Airways,New York,London,2024-10-06,2024-10-06,2024-09-21,1377.47
564,1000,FL6988,Qatar Airways,Paris,Dubai,2025-04-13,2025-04-13,2025-03-09,560.82
565,226,FL1478,Emirates,London,Toronto,2025-04-12,2025-04-12,2025-03-03,477.6
566,116,FL4164,United Airlines,Paris,Toronto,2024-10-08,2024-10-08,2024-08-10,688.79
567,13,FL4336,Lufthansa,Paris,Tokyo,2025-03-21,2025-03-21,2025-02-26,1352.04
568,539,FL4975,Delta,Paris,London,2025-03-19,2025-03-19,2025-02-19,535.26
569,290,FL4592,Emirates,Paris,Dubai,2024-08-06,2024-08-06,2024-08-04,1444.33
570,215,FL8073,Lufthansa,New York,Toronto,2024-05-01,2024-05-01,2024-04-28,937.93
571,718,FL8588,Lufthansa,London,Toronto,2024-05-10,2024-05-10,2024-04-09,1357.36
572,196,FL9324,Emirates,Sydney,Tokyo,2025-02-11,2025-02-11,2024-12-26,361.31
573,884,FL4427,Emirates,Sydney,Tokyo,2024-06-14,2024-06-14,2024-04-27,505.34
574,64,FL6141,Emirates,Dubai,Tokyo,2025-01-12,2025-01-12,2024-11-14,1240.35
575,938,FL6876,Qatar Airways,New York,Tokyo,2024-07-01,2024-07-01,2024-06-08,145.99
576,264,FL9741,Delta,London,New York,2024-05-25,2024-05-25,2024-04-02,564.27
577,381,FL5917,Lufthansa,Tokyo,New York,2025-02-09,2025-02-09,2024-12-17,1073.91
578,46,FL9923,Lufthansa,Tokyo,New York,2024-11-17,2024-11-17,2024-11-03,1326.73
579,779,FL6889,Qatar Airways,London,Tokyo,2024-12-03,2024-12-03,2024-10-15,476.88
580,879,FL6002,Emirates,Toronto,London,2024-09-20,2024-09-20,2024-08-16,205.02
581,668,FL9645,Delta,London,Sydney,2025-03-19,2025-03-19,2025-02-13,392.24
582,409,FL8422,Lufthansa,London,Dubai,2024-07-08,2024-07-08,2024-06-22,459.75
583,230,FL2425,Delta,Tokyo,Paris,2025-01-12,2025-01-12,2024-12-30,399.57
584,857,FL2016,Qatar Airways,Sydney,Dubai,2024-07-23,2024-07-23,2024-07-21,1224.88
585,850,FL6125,Lufthansa,Dubai,Paris,2024-05-25,2024-05-25,2024-04-24,1341.53
586,284,FL1390,United Airlines,London,Tokyo,2024-11-25,2024-11-25,2024-11-19,581.36
587,183,FL1280,Qatar Airways,London,New York,2025-01-07,2025-01-07,2024-11-20,1265.07
588,260,FL6128,Emirates,Sydney,Dubai,2024-05-17,2024-05-17,2024-04-23,698.49
589,384,FL3601,United Airlines,New York,Sydney,2024-04-02,2024-04-02,2024-03-29,336.64
590,721,FL7687,Delta,Toronto,Tokyo,2024-03-31,2024-03-31,2024-03-19,1055.26
591,121,FL2628,Lufthansa,London,Tokyo,2025-04-22,2025-04-22,2025-02-25,1490.07
592,727,FL6168,Delta,Toronto,Paris,2024-09-26,2024-09-26,2024-08-11,777.91
593,500,FL2461,Lufthansa,Toronto,Sydney,2024-08-01,2024-08-01,2024-07-11,1271.4
594,377,FL3384,Emirates,Tokyo,London,2024-12-19,2024-12-19,2024-11-03,137.91
595,683,FL2276,Emirates,Tokyo,New York,2025-01-27,2025-01-27,2025-01-19,1311.45
596,611,FL7016,Qatar Airways,Dubai,Tokyo,2024-07-31,2024-07-31,2024-07-08,1159.02
597,874,FL8265,Qatar Airways,New York,Toronto,2025-02-28,2025-02-28,2025-01-21,691.97
598,768,FL4889,Delta,Paris,Tokyo,2024-10-30,2024-10-30,2024-10-24,598.13
599,393,FL1570,Emirates,Dubai,Paris,2024-06-24,2024-06-24,2024-06-19,168.5
600,955,FL5693,United Airlines,Tokyo,Toronto,2024-10-13,2024-10-13,2024-09-27,687.45
601,766,FL6467,Emirates,Dubai,Paris,2024-06-14,2024-06-14,2024-06-14,361.69
602,923,FL5731,Emirates,Dubai,London,2025-01-08,2025-01-08,2024-11-12,1188.81
603,725,FL4645,Lufthansa,Dubai,Toronto,2024-05-30,2024-05-30,2024-05-18,1162.3
604,344,FL8977,Delta,Toronto,Paris,2025-02-21,2025-02-21,2025-01-22,1314.0
605,376,FL8775,Lufthansa,Sydney,New York,2025-01-15,2025-01-15,2025-01-12,301.63
606,57,FL4368,Lufthansa,Paris,New York,2024-05-27,2024-05-27,2024-05-18,447.43
607,644,FL2548,Emirates,Paris,Dubai,2024-08-25,2024-08-25,2024-07-22,178.58
608,416,FL7253,United Airlines,Paris,New York,2024-11-04,2024-11-04,2024-11-01,232.62
609,343,FL4617,Lufthansa,Tokyo,Sydney,2024-12-02,2024-12-02,2024-10-20,1338.25
610,513,FL3891,Emirates,Toronto,London,2025-01-03,2025-01-03,2024-11-29,863.96
611,435,FL5105,Emirates,Dubai,New York,2024-10-11,2024-10-11,2024-08-14,1341.29
612,277,FL4091,United Airlines,Toronto,Paris,2024-07-28,2024-07-28,2024-07-15,350.42
613,624,FL7794,United Airlines,Paris,Toronto,2025-03-01,2025-03-01,2025-03-01,778.53
614,777,FL8415,United Airlines,London,Toronto,2024-06-13,2024-06-13,2024-04-19,1451.19
615,919,FL1897,Lufthansa,New York,Paris,2024-09-15,2024-09-15,2024-07-21,213.13
616,462,FL6834,United Airlines,Sydney,Tokyo,2024-12-04,2024-12-04,2024-10-26,455.33
617,542,FL4040,Lufthansa,London,Toronto,2025-02-16,2025-02-16,2025-01-01,360.46
618,66,FL7687,United Airlines,Dubai,Toronto,2024-03-30,2024-03-30,2024-03-29,172.52
619,223,FL8153,United Airlines,London,Toronto,2024-07-03,2024-07-03,2024-06-07,413.43
620,310,FL6846,Qatar Airways,Paris,Tokyo,2025-02-19,2025-02-19,2024-12-30,498.23
621,557,FL6565,Qatar Airways,New York,London,2024-10-27,2024-10-27,2024-09-28,513.63
622,39,FL4276,United Airlines,Tokyo,London,2024-07-12,2024-07-12,2024-05-15,814.85
623,589,FL1006,Emirates,Toronto,New York,2024-11-10,2024-11-10,2024-10-22,1426.76
624,821,FL6575,Qatar Airways,London,Toronto,2024-08-10,2024-08-10,2024-08-05,224.07
625,490,FL8324,Qatar Airways,New York,Sydney,2024-03-25,2024-03-25,2024-03-18,230.44
626,420,FL3153,United Airlines,Sydney,Paris,2025-01-25,2025-01-25,2025-01-02,158.67
627,641,FL6667,Lufthansa,Toronto,Paris,2024-07-26,2024-07-26,2024-06-03,700.92
628,94,FL7398,Qatar Airways,Dubai,Toronto,2024-11-09,2024-11-09,2024-09-16,1397.0
629,792,FL8715,Qatar Airways,New York,London,2024-06-23,2024-06-23,2024-05-23,1448.28
630,891,FL9107,Emirates,Paris,Tokyo,2024-09-08,2024-09-08,2024-07-30,609.57
631,622,FL6858,Emirates,Dubai,London,2024-09-19,2024-09-19,2024-07-28,692.05
632,83,FL6483,Emirates,Sydney,Paris,2024-04-21,2024-04-21,2024-04-04,1224.3
633,901,FL7242,Delta,Paris,Tokyo,2025-04-29,2025-04-29,2025-03-02,799.68
634,230,FL9148,Qatar Airways,Dubai,Toronto,2025-02-09,2025-02-09,2025-01-12,1260.05
635,258,FL7202,Lufthansa,Dubai,London,2025-04-05,2025-04-05,2025-02-09,851.47
636,547,FL2911,Lufthansa,Sydney,Toronto,2024-08-31,2024-08-31,2024-08-27,157.69
637,628,FL2629,Lufthansa,London,Toronto,2024-07-09,2024-07-09,2024-07-06,1259.52
638,976,FL4813,Qatar Airways,Paris,New York,2025-04-04,2025-04-04,2025-03-08,578.35
639,846,FL9501,Delta,Dubai,Tokyo,2024-12-11,2024-12-11,2024-10-31,285.77
640,248,FL4146,Lufthansa,London,Paris,2025-01-22,2025-01-22,2024-12-24,706.7
641,914,FL7193,Delta,Tokyo,Dubai,2024-12-14,2024-12-14,2024-12-09,925.18
642,741,FL3333,Qatar Airways,Sydney,London,2025-04-17,2025-04-17,2025-03-06,388.15
643,26,FL2425,Delta,Sydney,Toronto,2024-08-04,2024-08-04,2024-06-22,835.2
644,163,FL2524,United Airlines,Sydney,Toronto,2024-07-20,2024-07-20,2024-07-03,1302.82
645,826,FL8829,Lufthansa,Sydney,Paris,2024-08-20,2024-08-20,2024-06-23,1149.88
646,462,FL2863,United Airlines,Paris,Toronto,2024-05-19,2024-05-19,2024-04-21,1043.41
647,755,FL4973,Lufthansa,London,Dubai,2024-05-07,2024-05-07,2024-04-18,348.56
648,780,FL2985,Lufthansa,Tokyo,Sydney,2024-12-25,2024-12-25,2024-12-08,382.56
649,217,FL5346,United Airlines,Dubai,Paris,2024-08-31,2024-08-31,2024-08-12,1328.69
650,879,FL7366,Delta,Sydney,London,2024-05-30,2024-05-30,2024-04-02,1095.76
651,857,FL8717,Lufthansa,Paris,Tokyo,2024-03-21,2024-03-21,2024-03-18,1215.52
652,242,FL9270,Lufthansa,Toronto,Paris,2024-04-07,2024-04-07,2024-03-22,216.86
653,421,FL6457,United Airlines,Toronto,Paris,2025-01-10,2025-01-10,2024-11-20,220.06
654,392,FL1371,United Airlines,New York,Toronto,2025-03-14,2025-03-14,2025-01-15,1151.4
655,116,FL7347,Qatar Airways,Sydney,London,2024-04-07,2024-04-07,2024-03-14,590.78
656,806,FL4508,Delta,Paris,Dubai,2024-12-15,2024-12-15,2024-12-05,1086.06
657,546,FL4441,Emirates,Toronto,New York,2025-04-16,2025-04-16,2025-03-07,1250.94
658,383,FL9588,United Airlines,Dubai,London,2024-07-21,2024-07-21,2024-06-14,933.77
659,548,FL1728,Qatar Airways,London,Toronto,2024-10-10,2024-10-10,2024-08-23,1424.61
660,948,FL3313,Lufthansa,Sydney,Dubai,2024-10-04,2024-10-04,2024-09-01,1251.71
661,273,FL2714,Emirates,Dubai,Sydney,2024-10-11,2024-10-11,2024-09-21,446.23
662,302,FL5146,Emirates,New York,Toronto,2024-07-04,2024-07-04,2024-06-10,1234.7
663,68,FL8744,United Airlines,Sydney,Dubai,2025-02-04,2025-02-04,2024-12-18,1043.61
664,630,FL5379,Emirates,Paris,Toronto,2025-02-06,2025-02-06,2025-01-24,1098.02
665,324,FL6827,Qatar Airways,Paris,New York,2024-06-28,2024-06-28,2024-05-23,977.61
666,994,FL4303,Emirates,Paris,Dubai,2024-12-19,2024-12-19,2024-12-08,1340.81
667,326,FL4412,United Airlines,New York,Tokyo,2024-10-27,2024-10-27,2024-09-30,921.36
668,872,FL5425,Emirates,Toronto,Sydney,2025-01-31,2025-01-31,2024-12-27,835.34
669,764,FL8207,Emirates,New York,Dubai,2024-11-15,2024-11-15,2024-09-18,188.59
670,549,FL9895,Delta,Dubai,Toronto,2024-08-25,2024-08-25,2024-08-18,344.67
671,183,FL5098,Qatar Airways,Toronto,London,2024-10-12,2024-10-12,2024-10-07,1160.98
672,337,FL4114,Qatar Airways,Dubai,Toronto,2024-11-03,2024-11-03,2024-09-07,418.49
673,593,FL6856,Delta,New York,London,2025-01-27,2025-01-27,2024-12-23,1011.06
674,818,FL7987,Delta,Paris,Dubai,2024-05-07,2024-05-07,2024-04-24,307.76
675,442,FL4941,United Airlines,New York,Paris,2024-09-07,2024-09-07,2024-08-21,795.68
676,110,FL1713,Delta,Toronto,Tokyo,2024-05-14,2024-05-14,2024-05-09,915.45
677,68,FL9262,Emirates,Tokyo,Toronto,2024-06-19,2024-06-19,2024-04-21,1322.79
678,781,FL2553,Emirates,Toronto,Sydney,2025-01-08,2025-01-08,2024-11-16,193.39
679,536,FL2710,Emirates,New York,Dubai,2025-01-09,2025-01-09,2024-12-08,740.95
680,450,FL1326,United Airlines,Dubai,London,2024-05-18,2024-05-18,2024-05-01,929.84
681,341,FL9298,Qatar Airways,Toronto,Dubai,2024-12-13,2024-12-13,2024-10-25,964.88
682,590,FL5374,Qatar Airways,Paris,Toronto,2024-10-08,2024-10-08,2024-10-06,1149.74
683,301,FL9070,United Airlines,London,Tokyo,2024-09-18,2024-09-18,2024-09-08,690.5
684,899,FL5781,Qatar Airways,Tokyo,New York,2024-10-22,2024-10-22,2024-09-22,1383.08
685,297,FL7929,United Airlines,Paris,Dubai,2024-12-03,2024-12-03,2024-11-22,1416.97
686,707,FL2169,Delta,London,Sydney,2025-02-13,2025-02-13,2025-01-21,797.74
687,888,FL1650,Lufthansa,Paris,Sydney,2024-11-11,2024-11-11,2024-10-07,1299.84
688,283,FL5829,United Airlines,Toronto,Sydney,2024-07-04,2024-07-04,2024-05-27,1044.78
689,435,FL3120,United Airlines,Toronto,Sydney,2024-05-19,2024-05-19,2024-04-10,538.32
690,625,FL3873,Qatar Airways,Toronto,Tokyo,2024-05-19,2024-05-19,2024-04-28,384.44
691,667,FL9988,Delta,Sydney,New York,2024-10-14,2024-10-14,2024-08-21,897.22
692,516,FL2559,Delta,Paris,Tokyo,2024-12-15,2024-12-15,2024-11-11,1297.21
693,467,FL7748,Emirates,London,Tokyo,2025-02-09,2025-02-09,2025-02-08,379.11
694,572,FL7751,Delta,New York,Paris,2024-05-08,2024-05-08,2024-04-15,1157.49
695,123,FL2917,Qatar Airways,London,Dubai,2024-10-26,2024-10-26,2024-09-11,704.28
696,207,FL2943,United Airlines,New York,Tokyo,2025-01-22,2025-01-22,2024-11-24,220.62
697,540,FL8070,Emirates,Tokyo,Sydney,2025-02-18,2025-02-18,2025-01-21,496.75
698,524,FL1150,Lufthansa,Toronto,Sydney,2024-12-07,2024-12-07,2024-11-16,516.26
699,264,FL3115,Lufthansa,Sydney,Toronto,2024-06-04,2024-06-04,2024-04-29,235.73
700,121,FL7769,United Airlines,Paris,London,2025-01-18,2025-01-18,2024-12-27,1490.25
701,576,FL3953,United Airlines,Paris,Toronto,2025-03-05,2025-03-05,2025-02-19,1177.09
702,752,FL4625,United Airlines,Paris,New York,2025-02-26,2025-02-26,2025-01-25,646.3
703,443,FL2559,Emirates,London,Dubai,2024-11-06,2024-11-06,2024-09-10,746.58
704,141,FL3998,Delta,Tokyo,Paris,2024-07-28,2024-07-28,2024-07-28,988.03
705,287,FL1540,Qatar Airways,Dubai,New York,2024-04-23,2024-04-23,2024-03-31,949.49
706,855,FL3902,Delta,London,Paris,2024-11-01,2024-11-01,2024-09-27,585.84
707,758,FL4090,Emirates,London,New York,2025-03-17,2025-03-17,2025-01-17,475.29
708,506,FL4244,United Airlines,Dubai,Paris,2024-05-02,2024-05-02,2024-03-16,403.02
709,990,FL2317,Lufthansa,London,Tokyo,2025-01-22,2025-01-22,2025-01-11,313.57
710,908,FL2405,Lufthansa,Toronto,Sydney,2024-07-25,2024-07-25,2024-06-23,1141.71
711,991,FL9560,United Airlines,Dubai,New York,2024-12-05,2024-12-05,2024-11-20,438.86
712,222,FL4835,Emirates,Toronto,Dubai,2024-04-19,2024-04-19,2024-04-05,1390.7
713,195,FL1467,Delta,Tokyo,Paris,2024-09-24,2024-09-24,2024-08-04,688.52
714,899,FL5918,Delta,Sydney,Dubai,2024-04-21,2024-04-21,2024-03-29,417.24
715,950,FL5197,Delta,London,Paris,2024-04-27,2024-04-27,2024-04-02,1457.84
716,912,FL4506,Lufthansa,Toronto,New York,2024-10-01,2024-10-01,2024-09-19,163.66
717,78,FL6538,Lufthansa,Toronto,Dubai,2024-10-21,2024-10-21,2024-09-25,443.96
718,373,FL1984,United Airlines,New York,Tokyo,2025-01-19,2025-01-19,2024-11-27,846.48
719,901,FL8418,Lufthansa,Toronto,London,2024-06-06,2024-06-06,2024-06-05,1194.53
720,662,FL4512,Qatar Airways,Paris,London,2024-06-26,2024-06-26,2024-06-25,1133.28
721,298,FL1482,Delta,Paris,New York,2024-03-25,2024-03-25,2024-03-09,865.22
722,67,FL5231,Emirates,Toronto,Paris,2025-03-24,2025-03-24,2025-02-21,523.11
723,817,FL3171,Emirates,Paris,New York,2025-01-11,2025-01-11,2024-11-20,447.98
724,982,FL5862,United Airlines,Paris,London,2024-10-11,2024-10-11,2024-08-17,756.64
725,543,FL3830,Emirates,Paris,Tokyo,2024-07-10,2024-07-10,2024-06-16,1441.05
726,204,FL8696,Emirates,Sydney,Dubai,2024-08-21,2024-08-21,2024-07-12,1484.56
727,948,FL6118,Emirates,Tokyo,Sydney,2024-07-21,2024-07-21,2024-07-12,1010.46
728,516,FL4490,Delta,Dubai,Tokyo,2024-06-11,2024-06-11,2024-04-19,655.66
729,120,FL2382,Delta,Tokyo,Sydney,2024-06-09,2024-06-09,2024-04-26,126.55
730,676,FL4191,Delta,Dubai,Paris,2024-06-29,2024-06-29,2024-06-09,289.68
731,497,FL2847,Delta,Paris,Tokyo,2025-01-13,2025-01-13,2025-01-03,943.4
732,109,FL3414,Delta,New York,London,2024-07-03,2024-07-03,2024-06-18,708.86
733,140,FL5834,United Airlines,Paris,London,2024-12-19,2024-12-19,2024-12-13,883.92
734,287,FL4014,Lufthansa,Dubai,Sydney,2024-07-26,2024-07-26,2024-06-08,1412.14
735,123,FL3185,Qatar Airways,Tokyo,London,2025-02-15,2025-02-15,2025-01-30,911.43
736,416,FL2531,Delta,New York,Paris,2024-09-18,2024-09-18,2024-09-05,342.61
737,587,FL2828,Qatar Airways,New York,London,2024-11-19,2024-11-19,2024-10-22,586.22
738,771,FL5153,Delta,Toronto,Dubai,2025-01-05,2025-01-05,2024-12-13,651.39
739,427,FL1530,United Airlines,Paris,London,2025-03-04,2025-03-04,2025-01-05,365.2
740,929,FL1299,Emirates,Tokyo,Dubai,2025-02-23,2025-02-23,2025-01-12,112.98
741,338,FL1850,Delta,Tokyo,New York,2024-06-18,2024-06-18,2024-04-26,1218.72
742,161,FL5461,Qatar Airways,London,Tokyo,2024-04-20,2024-04-20,2024-04-10,1283.06
743,872,FL7749,Qatar Airways,Sydney,Dubai,2024-11-24,2024-11-24,2024-10-05,768.77
744,963,FL7600,Lufthansa,London,Sydney,2025-01-15,2025-01-15,2024-12-07,948.08
745,238,FL3704,United Airlines,London,Dubai,2024-11-09,2024-11-09,2024-09-12,242.7
746,394,FL8049,Lufthansa,New York,Toronto,2024-10-03,2024-10-03,2024-08-29,1148.17
747,608,FL1989,United Airlines,Tokyo,Paris,2025-04-03,2025-04-03,2025-02-14,180.95
748,883,FL1576,Delta,Dubai,Paris,2024-06-27,2024-06-27,2024-05-01,630.18
749,99,FL4356,United Airlines,Sydney,Dubai,2024-08-13,2024-08-13,2024-06-23,388.21
750,682,FL5559,Emirates,New York,Sydney,2024-09-07,2024-09-07,2024-07-13,469.19
751,453,FL1765,Delta,New York,Sydney,2024-07-03,2024-07-03,2024-05-19,363.93
752,515,FL7760,Lufthansa,Sydney,Dubai,2024-09-03,2024-09-03,2024-08-16,1074.02
753,357,FL8043,Delta,Sydney,Toronto,2024-12-28,2024-12-28,2024-11-29,1179.52
754,711,FL9430,Delta,Dubai,New York,2025-01-23,2025-01-23,2024-12-29,278.36
755,83,FL3166,Emirates,London,Toronto,2024-08-06,2024-08-06,2024-06-28,1376.29
756,944,FL7354,Emirates,Paris,Toronto,2024-05-04,2024-05-04,2024-04-07,415.1
757,883,FL5331,Lufthansa,Toronto,Sydney,2024-07-04,2024-07-04,2024-05-23,565.48
758,689,FL5053,Delta,Sydney,Paris,2024-07-25,2024-07-25,2024-07-07,1435.2
759,705,FL6443,Emirates,Sydney,London,2024-10-06,2024-10-06,2024-08-23,890.82
760,387,FL7603,Qatar Airways,New York,Paris,2024-12-19,2024-12-19,2024-12-08,1335.42
761,601,FL5513,Emirates,London,Toronto,2024-06-09,2024-06-09,2024-05-08,1126.45
762,347,FL4739,United Airlines,New York,London,2024-10-29,2024-10-29,2024-10-27,906.59
763,785,FL9006,Lufthansa,Paris,Dubai,2025-04-18,2025-04-18,2025-02-28,997.44
764,343,FL7767,Lufthansa,Dubai,Toronto,2025-02-28,2025-02-28,2025-01-21,694.02
765,246,FL5281,United Airlines,Toronto,London,2024-06-18,2024-06-18,2024-05-27,942.7
766,23,FL1434,Lufthansa,London,Toronto,2024-04-12,2024-04-12,2024-03-21,1327.35
767,964,FL1113,Emirates,Dubai,Paris,2025-02-11,2025-02-11,2025-02-01,904.11
768,328,FL2637,United Airlines,Dubai,Sydney,2024-10-18,2024-10-18,2024-09-29,1258.89
769,277,FL7538,Qatar Airways,New York,Tokyo,2024-09-24,2024-09-24,2024-09-16,1029.54
770,407,FL4228,Delta,New York,Dubai,2025-02-04,2025-02-04,2024-12-22,512.67
771,408,FL4246,Lufthansa,Sydney,Tokyo,2025-02-08,2025-02-08,2024-12-14,1495.75
772,68,FL8469,Emirates,Dubai,Sydney,2025-01-28,2025-01-28,2024-12-01,877.83
773,459,FL7977,Delta,Paris,Toronto,2025-03-12,2025-03-12,2025-02-26,558.03
774,841,FL4100,Lufthansa,Sydney,Paris,2024-06-27,2024-06-27,2024-06-11,1426.18
775,168,FL2685,Delta,London,Paris,2024-10-30,2024-10-30,2024-10-23,568.69
776,443,FL9077,Emirates,Tokyo,Dubai,2024-07-20,2024-07-20,2024-06-10,283.22
777,609,FL7102,Lufthansa,London,Toronto,2024-10-12,2024-10-12,2024-08-30,1245.67
778,813,FL5728,Qatar Airways,Dubai,Tokyo,2025-01-05,2025-01-05,2024-12-06,167.77
779,965,FL3637,Qatar Airways,Tokyo,London,2025-01-05,2025-01-05,2024-12-02,858.38
780,546,FL6055,Delta,Toronto,London,2024-04-04,2024-04-04,2024-03-12,350.76
781,302,FL1238,Delta,Sydney,Tokyo,2025-04-04,2025-04-04,2025-02-09,948.81
782,146,FL6545,United Airlines,Dubai,Paris,2024-05-03,2024-05-03,2024-04-27,1311.52
783,586,FL6598,Qatar Airways,London,Dubai,2024-08-10,2024-08-10,2024-07-04,225.48
784,571,FL5021,Delta,Tokyo,Paris,2024-04-26,2024-04-26,2024-03-23,738.22
785,956,FL3071,United Airlines,Toronto,Tokyo,2025-01-13,2025-01-13,2025-01-11,627.32
786,122,FL3580,Delta,New York,Dubai,2025-01-19,2025-01-19,2025-01-12,662.79
787,910,FL4735,Emirates,Toronto,Paris,2024-08-09,2024-08-09,2024-06-27,307.67
788,492,FL4390,United Airlines,Toronto,Tokyo,2024-04-28,2024-04-28,2024-04-08,637.27
789,286,FL9902,Lufthansa,New York,Sydney,2024-05-18,2024-05-18,2024-04-29,426.56
790,638,FL2979,United Airlines,Toronto,London,2024-10-17,2024-10-17,2024-09-29,742.9
791,738,FL6904,United Airlines,Sydney,New York,2024-04-28,2024-04-28,2024-04-23,1364.79
792,794,FL1754,Lufthansa,Dubai,Paris,2024-10-04,2024-10-04,2024-09-28,1222.3
793,764,FL4908,Qatar Airways,Tokyo,Toronto,2024-09-02,2024-09-02,2024-07-09,419.62
794,570,FL6651,Emirates,Dubai,Sydney,2024-11-14,2024-11-14,2024-10-18,755.99
795,65,FL4255,Delta,Tokyo,Dubai,2024-07-31,2024-07-31,2024-07-14,441.74
796,189,FL6693,Lufthansa,Sydney,Tokyo,2024-07-22,2024-07-22,2024-07-15,837.67
797,259,FL5287,Lufthansa,London,Dubai,2025-02-15,2025-02-15,2025-02-13,206.55
798,788,FL4264,United Airlines,Dubai,New York,2024-11-19,2024-11-19,2024-10-19,967.85
799,289,FL3181,Delta,London,Toronto,2025-02-03,2025-02-03,2024-12-15,831.5
800,346,FL5778,Delta,Tokyo,London,2024-07-02,2024-07-02,2024-05-22,685.92
801,77,FL7196,Qatar Airways,Dubai,New York,2024-06-18,2024-06-18,2024-05-17,1188.02
802,496,FL1131,Emirates,Paris,Sydney,2024-11-25,2024-11-25,2024-09-29,683.81
803,893,FL9857,Emirates,Paris,Toronto,2024-09-15,2024-09-15,2024-08-13,150.42
804,716,FL1234,United Airlines,Paris,Sydney,2024-11-01,2024-11-01,2024-09-16,585.57
805,182,FL4640,Delta,Sydney,New York,2025-01-19,2025-01-19,2024-12-23,682.97
806,141,FL1250,Delta,Dubai,Tokyo,2024-07-18,2024-07-18,2024-07-07,1050.97
807,190,FL2991,Delta,Dubai,Toronto,2025-02-16,2025-02-16,2025-01-16,647.54
808,911,FL5936,United Airlines,Dubai,London,2024-10-14,2024-10-14,2024-08-17,238.91
809,795,FL7290,Qatar Airways,Dubai,Paris,2024-08-08,2024-08-08,2024-07-24,128.6
810,69,FL4473,Qatar Airways,London,Sydney,2025-01-04,2025-01-04,2024-11-25,367.36
811,818,FL7643,Qatar Airways,Tokyo,Toronto,2024-11-30,2024-11-30,2024-11-11,796.13
812,63,FL3654,Emirates,Tokyo,Toronto,2024-08-15,2024-08-15,2024-07-29,1367.11
813,975,FL6106,Lufthansa,Toronto,Paris,2024-07-25,2024-07-25,2024-06-19,389.01
814,534,FL5379,Emirates,Toronto,Paris,2025-01-02,2025-01-02,2024-12-01,1004.27
815,866,FL6341,Qatar Airways,Toronto,London,2024-04-06,2024-04-06,2024-03-24,682.8
816,676,FL7265,Qatar Airways,London,Sydney,2025-03-28,2025-03-28,2025-03-08,194.28
817,646,FL2899,Qatar Airways,Tokyo,London,2024-06-08,2024-06-08,2024-05-08,666.96
818,228,FL4671,United Airlines,New York,Dubai,2024-06-18,2024-06-18,2024-04-23,1195.48
819,1,FL4120,Emirates,Dubai,Sydney,2024-09-17,2024-09-17,2024-07-28,483.5
820,874,FL5914,Lufthansa,Toronto,London,2024-12-11,2024-12-11,2024-12-06,1324.36
821,656,FL2308,Emirates,London,Paris,2024-08-22,2024-08-22,2024-07-24,1492.41
822,732,FL6004,United Airlines,Toronto,London,2024-09-20,2024-09-20,2024-08-01,386.88
823,891,FL9118,Delta,Toronto,Dubai,2024-10-26,2024-10-26,2024-10-14,1087.86
824,169,FL2927,Lufthansa,Sydney,New York,2024-05-10,2024-05-10,2024-03-13,426.63
825,381,FL5144,Emirates,Paris,New York,2024-03-31,2024-03-31,2024-03-16,1497.19
826,96,FL7425,United Airlines,Sydney,London,2024-11-21,2024-11-21,2024-11-04,735.3
827,698,FL6345,United Airlines,Tokyo,Paris,2024-07-25,2024-07-25,2024-06-08,1442.31
828,183,FL2544,Delta,Paris,Sydney,2024-04-25,2024-04-25,2024-03-28,204.25
829,403,FL1797,Emirates,New York,Toronto,2025-03-12,2025-03-12,2025-02-18,272.32
830,120,FL7545,United Airlines,Paris,Dubai,2024-05-14,2024-05-14,2024-05-14,1217.64
831,85,FL2177,Emirates,Tokyo,Paris,2024-10-30,2024-10-30,2024-10-19,1302.14
832,471,FL6908,Emirates,New York,Toronto,2024-09-24,2024-09-24,2024-09-14,256.49
833,758,FL6034,Emirates,Dubai,Sydney,2024-04-21,2024-04-21,2024-03-22,1455.07
834,60,FL1154,United Airlines,Sydney,Paris,2025-03-12,2025-03-12,2025-02-08,1008.42
835,527,FL3450,United Airlines,Paris,Dubai,2024-08-25,2024-08-25,2024-08-19,517.59
836,845,FL1980,Qatar Airways,Paris,New York,2024-12-27,2024-12-27,2024-12-13,1472.52
837,141,FL5022,Qatar Airways,Dubai,Tokyo,2024-12-08,2024-12-08,2024-11-11,1389.58
838,598,FL2852,Qatar Airways,Dubai,Tokyo,2024-11-13,2024-11-13,2024-09-29,1347.67
839,49,FL3219,Delta,Paris,Dubai,2025-02-01,2025-02-01,2024-12-29,946.32
840,755,FL9794,United Airlines,Tokyo,Sydney,2024-06-25,2024-06-25,2024-05-30,736.22
841,237,FL4629,Lufthansa,New York,Tokyo,2025-04-08,2025-04-08,2025-02-25,1122.27
842,610,FL4595,Qatar Airways,Dubai,Paris,2025-02-26,2025-02-26,2025-02-11,334.32
843,467,FL1629,Qatar Airways,Paris,Toronto,2025-02-13,2025-02-13,2025-01-06,1164.74
844,441,FL9444,Emirates,Toronto,Paris,2025-02-21,2025-02-21,2024-12-25,1378.77
845,390,FL9762,Lufthansa,Paris,Toronto,2024-10-03,2024-10-03,2024-09-10,727.61
846,104,FL2152,Lufthansa,London,Dubai,2024-07-12,2024-07-12,2024-06-16,642.18
847,422,FL4307,Emirates,Dubai,Sydney,2024-09-04,2024-09-04,2024-07-19,1100.07
848,206,FL6254,United Airlines,Sydney,Paris,2025-01-04,2025-01-04,2024-12-06,666.27
849,656,FL3358,Delta,Dubai,Tokyo,2024-10-20,2024-10-20,2024-09-10,282.13
850,606,FL4921,United Airlines,New York,London,2024-12-02,2024-12-02,2024-10-12,642.31
851,993,FL8786,United Airlines,Tokyo,New York,2024-04-12,2024-04-12,2024-03-28,778.03
852,53,FL9666,Delta,Tokyo,Dubai,2025-02-19,2025-02-19,2025-02-15,395.33
853,497,FL1023,Delta,Tokyo,Paris,2024-11-28,2024-11-28,2024-11-26,1345.78
854,455,FL2500,Emirates,Tokyo,Dubai,2024-04-12,2024-04-12,2024-03-17,783.21
855,134,FL1310,United Airlines,Toronto,Tokyo,2024-11-21,2024-11-21,2024-10-09,1254.33
856,769,FL2761,Delta,Tokyo,Sydney,2024-08-30,2024-08-30,2024-07-20,1397.43
857,739,FL5630,United Airlines,Tokyo,Dubai,2025-03-21,2025-03-21,2025-02-10,905.83
858,237,FL9918,Qatar Airways,Toronto,Paris,2024-07-12,2024-07-12,2024-06-05,973.52
859,771,FL2553,Emirates,Sydney,New York,2024-04-02,2024-04-02,2024-03-11,1477.75
860,275,FL9909,United Airlines,Paris,Toronto,2025-01-13,2025-01-13,2024-11-18,1164.0
861,993,FL3624,Qatar Airways,Paris,Sydney,2024-08-30,2024-08-30,2024-08-04,614.13
862,915,FL4992,Qatar Airways,Tokyo,Paris,2024-06-11,2024-06-11,2024-04-29,559.02
863,629,FL5162,Lufthansa,London,Tokyo,2025-03-20,2025-03-20,2025-01-28,1322.26
864,258,FL9671,Lufthansa,Sydney,Toronto,2024-12-24,2024-12-24,2024-12-23,175.01
865,430,FL4352,United Airlines,Dubai,Tokyo,2025-04-07,2025-04-07,2025-02-10,621.67
866,142,FL6396,Delta,Tokyo,New York,2024-10-20,2024-10-20,2024-10-15,729.16
867,494,FL3816,United Airlines,New York,Tokyo,2024-09-25,2024-09-25,2024-09-24,234.02
868,884,FL7015,Lufthansa,Sydney,Dubai,2025-02-22,2025-02-22,2025-01-30,342.49
869,92,FL9060,Lufthansa,Tokyo,Toronto,2024-11-19,2024-11-19,2024-10-12,798.88
870,212,FL9865,Delta,Tokyo,London,2024-06-29,2024-06-29,2024-06-23,230.37
871,202,FL1660,Emirates,New York,Dubai,2024-04-24,2024-04-24,2024-03-14,759.03
872,237,FL6772,Lufthansa,Tokyo,London,2025-01-22,2025-01-22,2024-12-17,1193.18
873,269,FL7467,United Airlines,Tokyo,London,2024-08-21,2024-08-21,2024-08-13,874.87
874,892,FL3826,Lufthansa,Dubai,Toronto,2024-10-17,2024-10-17,2024-10-02,976.36
875,971,FL9859,Emirates,Toronto,Sydney,2025-01-29,2025-01-29,2025-01-21,269.89
876,514,FL2220,Delta,Paris,London,2024-11-15,2024-11-15,2024-09-30,198.45
877,656,FL9250,Delta,London,Toronto,2024-11-11,2024-11-11,2024-10-11,131.74
878,662,FL3514,Lufthansa,Toronto,Tokyo,2024-09-09,2024-09-09,2024-07-24,1098.73
879,420,FL5841,Emirates,Paris,Toronto,2024-09-26,2024-09-26,2024-09-19,715.84
880,180,FL4426,Emirates,Tokyo,Paris,2024-03-31,2024-03-31,2024-03-22,394.44
881,267,FL9857,Emirates,New York,Paris,2025-01-02,2025-01-02,2024-12-14,464.66
882,984,FL3850,Emirates,Toronto,Paris,2024-08-12,2024-08-12,2024-06-27,1243.58
883,890,FL9191,Emirates,Sydney,New York,2025-04-25,2025-04-25,2025-03-09,996.04
884,227,FL9896,United Airlines,New York,Toronto,2025-03-13,2025-03-13,2025-03-06,936.51
885,104,FL2095,Lufthansa,New York,London,2024-06-12,2024-06-12,2024-05-08,1113.2
886,905,FL3946,Delta,New York,Dubai,2024-07-07,2024-07-07,2024-05-21,970.22
887,769,FL4740,Qatar Airways,Tokyo,Paris,2025-04-06,2025-04-06,2025-03-03,966.61
888,427,FL1307,Lufthansa,Dubai,Sydney,2024-09-25,2024-09-25,2024-08-27,976.32
889,833,FL2038,Qatar Airways,Tokyo,Dubai,2024-08-22,2024-08-22,2024-08-01,189.08
890,116,FL9182,Delta,Sydney,New York,2025-02-05,2025-02-05,2025-01-29,375.52
891,941,FL7930,Qatar Airways,Sydney,Toronto,2024-08-13,2024-08-13,2024-08-07,330.86
892,323,FL5780,United Airlines,Paris,Sydney,2024-04-30,2024-04-30,2024-04-29,1492.24
893,227,FL5642,United Airlines,Tokyo,Toronto,2024-04-28,2024-04-28,2024-03-24,1234.58
894,737,FL1047,United Airlines,Dubai,Tokyo,2024-11-02,2024-11-02,2024-10-28,402.37
895,700,FL2605,Emirates,Toronto,Paris,2024-08-31,2024-08-31,2024-08-27,637.13
896,222,FL8124,Qatar Airways,Sydney,Paris,2024-11-21,2024-11-21,2024-11-12,436.03
897,442,FL6898,Emirates,London,Dubai,2025-01-08,2025-01-08,2024-11-10,455.28
898,942,FL9181,Qatar Airways,Sydney,Tokyo,2024-11-05,2024-11-05,2024-09-27,188.21
899,707,FL8256,Emirates,Toronto,Tokyo,2024-11-13,2024-11-13,2024-10-10,590.51
900,233,FL8042,Emirates,London,Tokyo,2025-01-16,2025-01-16,2024-12-04,873.71
901,460,FL6796,Qatar Airways,London,Tokyo,2024-09-26,2024-09-26,2024-09-21,1450.98
902,165,FL8741,Lufthansa,Dubai,Paris,2024-09-03,2024-09-03,2024-07-26,1261.01
903,874,FL6257,Qatar Airways,Sydney,New York,2024-06-29,2024-06-29,2024-06-05,426.68
904,998,FL6519,Emirates,Tokyo,Dubai,2024-11-07,2024-11-07,2024-09-20,1390.42
905,387,FL9652,United Airlines,New York,Toronto,2024-05-21,2024-05-21,2024-05-02,955.72
906,504,FL8663,United Airlines,Tokyo,Toronto,2024-04-21,2024-04-21,2024-03-22,229.84
907,513,FL6757,Lufthansa,Paris,Sydney,2024-04-12,2024-04-12,2024-04-03,628.21
908,930,FL9633,Emirates,Toronto,London,2024-12-22,2024-12-22,2024-11-05,1219.13
909,195,FL4168,Emirates,New York,Tokyo,2024-12-16,2024-12-16,2024-10-19,969.02
910,148,FL8948,Lufthansa,New York,Toronto,2025-02-07,2025-02-07,2024-12-31,1226.01
911,380,FL8324,Qatar Airways,Toronto,Sydney,2025-01-20,2025-01-20,2024-12-15,793.09
912,849,FL4790,Delta,London,Sydney,2024-03-31,2024-03-31,2024-03-23,212.01
913,425,FL4975,Emirates,Paris,Dubai,2024-12-20,2024-12-20,2024-11-15,212.01
914,686,FL2401,Qatar Airways,Toronto,London,2025-02-21,2025-02-21,2024-12-31,464.48
915,319,FL1760,United Airlines,New York,Toronto,2024-05-09,2024-05-09,2024-05-06,1272.31
916,319,FL8308,Qatar Airways,Paris,Tokyo,2024-07-17,2024-07-17,2024-06-09,970.19
917,924,FL8323,Emirates,Dubai,Tokyo,2024-06-27,2024-06-27,2024-04-30,112.43
918,694,FL8966,Lufthansa,London,Paris,2024-07-23,2024-07-23,2024-06-21,712.6
919,422,FL6068,Delta,New York,Dubai,2024-04-18,2024-04-18,2024-03-28,373.08
920,627,FL5765,United Airlines,London,Paris,2024-07-24,2024-07-24,2024-07-02,934.08
921,705,FL3791,Emirates,New York,Toronto,2024-04-15,2024-04-15,2024-04-10,604.48
922,962,FL3962,Qatar Airways,Tokyo,Dubai,2024-05-22,2024-05-22,2024-05-04,147.67
923,220,FL8560,United Airlines,Sydney,New York,2024-12-18,2024-12-18,2024-12-04,1171.66
924,993,FL9077,Lufthansa,Paris,Toronto,2024-06-17,2024-06-17,2024-04-23,907.29
925,278,FL9271,Lufthansa,Tokyo,New York,2024-10-06,2024-10-06,2024-09-13,1246.11
926,972,FL9499,United Airlines,Paris,Tokyo,2024-08-16,2024-08-16,2024-08-12,781.94
927,454,FL4599,Delta,New York,Tokyo,2024-12-05,2024-12-05,2024-10-20,638.5
928,914,FL7622,United Airlines,London,Sydney,2024-05-21,2024-05-21,2024-05-21,770.19
929,723,FL4168,Lufthansa,London,Dubai,2024-10-18,2024-10-18,2024-09-28,122.11
930,321,FL2519,Lufthansa,Tokyo,Sydney,2024-11-03,2024-11-03,2024-10-26,1125.91
931,672,FL4363,Delta,Toronto,Tokyo,2024-12-10,2024-12-10,2024-11-09,812.67
932,333,FL4802,Emirates,Dubai,New York,2024-11-02,2024-11-02,2024-10-29,249.82
933,419,FL7943,Emirates,Paris,London,2024-12-29,2024-12-29,2024-11-08,467.52
934,172,FL9594,United Airlines,Paris,New York,2025-01-28,2025-01-28,2024-12-16,1122.08
935,935,FL4999,United Airlines,Dubai,Toronto,2024-08-29,2024-08-29,2024-08-02,463.74
936,687,FL4242,Emirates,Toronto,London,2024-05-18,2024-05-18,2024-05-04,339.06
937,63,FL4436,Emirates,Tokyo,New York,2024-11-24,2024-11-24,2024-10-10,1482.58
938,830,FL9347,United Airlines,Sydney,Tokyo,2024-04-20,2024-04-20,2024-04-10,265.09
939,62,FL1666,Qatar Airways,Dubai,New York,2024-11-27,2024-11-27,2024-10-03,1151.64
940,756,FL8726,Qatar Airways,Dubai,Sydney,2025-04-10,2025-04-10,2025-03-03,1475.62
941,238,FL4586,Lufthansa,London,Sydney,2025-04-01,2025-04-01,2025-02-24,628.85
942,33,FL1364,Emirates,Toronto,London,2024-12-08,2024-12-08,2024-11-26,174.0
943,696,FL4995,Delta,Dubai,Toronto,2024-12-04,2024-12-04,2024-10-09,344.11
944,498,FL4727,Qatar Airways,Toronto,Tokyo,2024-09-08,2024-09-08,2024-08-29,1394.91
945,142,FL1157,Lufthansa,Dubai,London,2024-12-31,2024-12-31,2024-11-06,847.26
946,534,FL7315,Emirates,New York,Toronto,2024-10-09,2024-10-09,2024-09-27,937.38
947,665,FL7746,Qatar Airways,Paris,London,2024-11-13,2024-11-13,2024-09-26,1269.6
948,668,FL4031,Delta,Dubai,London,2024-08-08,2024-08-08,2024-07-12,1037.67
949,546,FL6443,Delta,London,Paris,2025-03-06,2025-03-06,2025-02-19,780.39
950,874,FL3605,Delta,Toronto,Paris,2024-11-05,2024-11-05,2024-09-27,844.51
951,801,FL1033,Lufthansa,Tokyo,Sydney,2024-08-23,2024-08-23,2024-08-12,585.5
952,801,FL1102,Lufthansa,Dubai,Sydney,2025-01-27,2025-01-27,2025-01-10,815.2
953,404,FL9220,Emirates,Dubai,New York,2025-01-16,2025-01-16,2025-01-02,595.47
954,747,FL2934,Qatar Airways,New York,Toronto,2024-04-23,2024-04-23,2024-04-17,154.14
955,838,FL8063,Qatar Airways,New York,London,2024-05-30,2024-05-30,2024-05-02,997.42
956,185,FL1477,Emirates,Sydney,London,2024-05-19,2024-05-19,2024-04-23,913.36
957,494,FL7283,Lufthansa,Sydney,Dubai,2025-01-17,2025-01-17,2025-01-14,428.02
958,210,FL4216,Delta,Sydney,London,2024-10-04,2024-10-04,2024-09-07,1132.11
959,3,FL8772,Qatar Airways,Paris,Sydney,2025-01-18,2025-01-18,2025-01-09,790.3
960,641,FL8372,United Airlines,New York,Toronto,2025-03-16,2025-03-16,2025-02-13,1384.65
961,267,FL1406,Emirates,London,New York,2024-08-16,2024-08-16,2024-07-28,309.04
962,984,FL1779,Lufthansa,Toronto,Dubai,2025-03-21,2025-03-21,2025-01-31,1459.41
963,583,FL2922,Lufthansa,Sydney,Tokyo,2024-05-19,2024-05-19,2024-05-04,1348.55
964,738,FL6540,Qatar Airways,Dubai,New York,2024-05-27,2024-05-27,2024-05-10,1439.7
965,673,FL5311,United Airlines,New York,Paris,2024-05-13,2024-05-13,2024-04-06,544.46
966,998,FL5653,Delta,Tokyo,London,2024-06-06,2024-06-06,2024-06-01,1176.03
967,401,FL5445,Qatar Airways,Toronto,Paris,2025-04-20,2025-04-20,2025-02-21,738.99
968,641,FL8932,Qatar Airways,London,Paris,2025-03-31,2025-03-31,2025-02-17,166.76
969,406,FL2213,Lufthansa,New York,London,2024-11-25,2024-11-25,2024-10-25,278.84
970,552,FL5915,Delta,Dubai,New York,2024-09-23,2024-09-23,2024-08-31,1219.29
971,500,FL8811,Lufthansa,London,Sydney,2024-05-31,2024-05-31,2024-04-30,113.6
972,985,FL1552,United Airlines,Paris,Tokyo,2024-11-15,2024-11-15,2024-10-11,1034.76
973,96,FL2666,Emirates,Paris,London,2024-11-01,2024-11-01,2024-10-05,1234.37
974,296,FL9876,Lufthansa,Sydney,London,2025-04-14,2025-04-14,2025-02-19,436.08
975,39,FL2949,Emirates,Dubai,Tokyo,2024-05-26,2024-05-26,2024-05-23,968.85
976,611,FL3427,Emirates,New York,London,2024-09-29,2024-09-29,2024-08-11,458.83
977,96,FL9639,Delta,Tokyo,Sydney,2024-12-24,2024-12-24,2024-11-18,315.72
978,907,FL8767,United Airlines,Sydney,Paris,2024-11-08,2024-11-08,2024-10-02,276.79
979,404,FL5291,Delta,London,Tokyo,2024-09-29,2024-09-29,2024-09-28,288.72
980,155,FL7006,Lufthansa,London,Dubai,2024-12-12,2024-12-12,2024-10-23,901.6
981,761,FL7357,Lufthansa,Tokyo,Toronto,2024-11-26,2024-11-26,2024-11-14,482.55
982,197,FL8043,Qatar Airways,Sydney,London,2025-03-05,2025-03-05,2025-01-09,895.78
983,951,FL4570,Qatar Airways,Sydney,London,2024-09-20,2024-09-20,2024-09-09,1371.42
984,614,FL5595,Delta,Toronto,London,2025-01-01,2025-01-01,2024-12-28,411.49
985,267,FL1351,United Airlines,Paris,Dubai,2024-10-14,2024-10-14,2024-08-18,663.8
986,336,FL4390,Lufthansa,Dubai,Sydney,2024-04-02,2024-04-02,2024-03-28,1056.7
987,737,FL5193,Delta,Tokyo,Toronto,2024-09-08,2024-09-08,2024-08-15,188.03
988,727,FL2816,Delta,Dubai,New York,2024-03-17,2024-03-17,2024-03-17,474.41
989,409,FL5213,Delta,New York,Paris,2024-05-08,2024-05-08,2024-03-24,571.25
990,263,FL1534,Qatar Airways,Tokyo,New York,2024-12-17,2024-12-17,2024-11-16,1410.49
991,33,FL4571,Delta,Paris,Tokyo,2024-12-27,2024-12-27,2024-10-30,119.41
992,34,FL1696,United Airlines,Toronto,New York,2025-02-19,2025-02-19,2024-12-23,807.17
993,103,FL8079,Emirates,London,New York,2024-10-09,2024-10-09,2024-09-08,506.44
994,824,FL7007,Emirates,Toronto,Paris,2025-04-18,2025-04-18,2025-03-02,115.14
995,189,FL3084,Emirates,London,Paris,2024-07-01,2024-07-01,2024-05-10,849.54
996,109,FL1807,United Airlines,Sydney,Dubai,2024-10-13,2024-10-13,2024-10-05,1240.86
997,962,FL7888,Emirates,New York,Tokyo,2024-11-04,2024-11-04,2024-10-19,856.84
998,220,FL2533,Qatar Airways,New York,Toronto,2024-09-30,2024-09-30,2024-08-24,1413.83
999,818,FL8415,Lufthansa,Dubai,Paris,2024-08-10,2024-08-10,2024-08-10,1304.87
1000,682,FL4340,Lufthansa,Sydney,Dubai,2024-08-12,2024-08-12,2024-07-03,812.09
