booking_id,customer_id,hotel_name,city,room_type,check_in_date,check_out_date,booking_date,total_amount
1,796,Grand Plaza,London,Double,2024-09-19,2024-09-26,2024-08-25,990.34
2,876,Comfort Inn,New York,Suite,2024-09-20,2024-09-26,2024-09-14,235.59
3,174,City Lights Hotel,Toronto,Suite,2024-06-21,2024-06-28,2024-06-10,922.14
4,433,Comfort Inn,Paris,Single,2024-07-25,2024-07-31,2024-07-04,756.29
5,356,City Lights Hotel,New York,Suite,2024-09-25,2024-10-01,2024-09-15,79.74
6,298,Grand Plaza,Dubai,Single,2024-09-02,2024-09-09,2024-08-20,665.91
7,388,Oceanview Resort,Toronto,Suite,2024-03-21,2024-03-24,2024-03-13,643.37
8,732,Oceanview Resort,Toronto,Double,2025-02-21,2025-02-28,2025-02-18,814.98
9,192,Oceanview Resort,New York,Suite,2024-07-23,2024-07-28,2024-07-04,291.78
10,959,City Lights Hotel,New York,Suite,2024-08-24,2024-08-25,2024-08-19,920.48
11,411,Oceanview Resort,Toronto,Suite,2025-03-08,2025-03-16,2025-02-20,95.18
12,949,Oceanview Resort,Paris,Double,2024-07-03,2024-07-13,2024-06-27,745.34
13,229,Comfort Inn,Paris,Double,2024-07-21,2024-07-22,2024-07-12,298.07
14,266,Comfort Inn,Paris,Suite,2025-03-30,2025-04-03,2025-03-02,727.02
15,310,Grand Plaza,Sydney,Suite,2024-07-31,2024-08-05,2024-07-10,893.12
16,322,Comfort Inn,Sydney,Single,2025-02-16,2025-02-22,2025-01-28,993.97
17,921,Comfort Inn,Sydney,Double,2024-04-06,2024-04-13,2024-03-12,664.92
18,424,City Lights Hotel,Sydney,Single,2025-02-27,2025-03-08,2025-02-16,530.74
19,514,Oceanview Resort,Dubai,Single,2024-06-15,2024-06-19,2024-05-26,402.2
20,115,Grand Plaza,Toronto,Double,2024-04-28,2024-05-02,2024-04-10,223.16
21,388,Comfort Inn,Paris,Single,2024-10-06,2024-10-14,2024-10-03,681.55
22,438,Comfort Inn,London,Single,2025-01-27,2025-02-05,2025-01-06,79.2
23,974,City Lights Hotel,Toronto,Single,2024-04-19,2024-04-26,2024-04-03,725.85
24,480,City Lights Hotel,London,Single,2024-04-27,2024-05-05,2024-04-27,858.0
25,904,Comfort Inn,London,Double,2024-05-25,2024-05-30,2024-05-11,404.31
26,48,Comfort Inn,Toronto,Double,2024-12-18,2024-12-21,2024-11-28,398.18
27,484,Comfort Inn,Toronto,Double,2024-07-04,2024-07-13,2024-06-14,765.22
28,502,Oceanview Resort,London,Double,2024-08-10,2024-08-13,2024-08-07,894.15
29,767,Comfort Inn,Dubai,Single,2025-03-24,2025-04-03,2025-02-26,244.0
30,914,Grand Plaza,Tokyo,Single,2024-10-05,2024-10-13,2024-09-21,508.8
31,977,Oceanview Resort,Dubai,Single,2024-10-19,2024-10-22,2024-09-24,266.25
32,608,City Lights Hotel,Paris,Single,2024-05-23,2024-05-24,2024-04-27,399.97
33,311,Comfort Inn,New York,Suite,2024-08-03,2024-08-07,2024-07-14,478.94
34,329,Oceanview Resort,Paris,Single,2024-11-08,2024-11-10,2024-10-30,893.9
35,864,Comfort Inn,New York,Double,2024-07-31,2024-08-05,2024-07-04,792.6
36,385,Grand Plaza,Sydney,Single,2024-10-29,2024-11-07,2024-10-28,854.94
37,526,Comfort Inn,Toronto,Suite,2024-05-11,2024-05-20,2024-04-29,839.66
38,252,Comfort Inn,Tokyo,Single,2024-04-27,2024-04-28,2024-04-21,94.43
39,133,Grand Plaza,Tokyo,Single,2024-12-09,2024-12-10,2024-11-20,367.53
40,145,Grand Plaza,New York,Single,2025-02-11,2025-02-18,2025-02-10,479.28
41,203,City Lights Hotel,Paris,Suite,2024-07-25,2024-08-04,2024-07-09,698.57
42,494,Grand Plaza,Dubai,Single,2024-09-03,2024-09-12,2024-08-14,234.76
43,117,Grand Plaza,London,Suite,2024-05-15,2024-05-16,2024-05-10,389.03
44,54,Grand Plaza,Tokyo,Double,2024-08-15,2024-08-20,2024-08-02,91.08
45,942,Grand Plaza,New York,Single,2024-04-22,2024-04-25,2024-04-13,198.84
46,904,Oceanview Resort,Sydney,Suite,2024-08-01,2024-08-06,2024-07-30,117.69
47,480,Comfort Inn,New York,Suite,2025-03-12,2025-03-20,2025-02-20,244.88
48,679,City Lights Hotel,Sydney,Double,2024-04-07,2024-04-15,2024-04-04,794.83
49,160,Grand Plaza,Toronto,Suite,2024-07-02,2024-07-12,2024-06-12,974.63
50,560,Oceanview Resort,Toronto,Suite,2024-11-30,2024-12-01,2024-11-07,625.53
51,425,Comfort Inn,New York,Suite,2024-06-23,2024-06-26,2024-06-08,615.87
52,882,City Lights Hotel,Dubai,Double,2025-01-26,2025-01-31,2025-01-17,178.91
53,418,Oceanview Resort,Paris,Single,2024-07-29,2024-08-04,2024-07-04,292.21
54,497,Comfort Inn,Tokyo,Suite,2025-01-08,2025-01-15,2024-12-27,819.43
55,456,Oceanview Resort,Toronto,Double,2024-10-29,2024-11-05,2024-10-02,85.3
56,885,Oceanview Resort,Toronto,Suite,2025-01-09,2025-01-15,2024-12-27,136.52
57,730,City Lights Hotel,Tokyo,Single,2024-09-01,2024-09-08,2024-08-24,157.04
58,760,Grand Plaza,Toronto,Single,2024-12-31,2025-01-08,2024-12-07,168.91
59,282,Oceanview Resort,Dubai,Suite,2025-02-23,2025-02-27,2025-01-31,977.65
60,21,City Lights Hotel,New York,Single,2024-08-15,2024-08-22,2024-08-09,377.66
61,881,Comfort Inn,Paris,Suite,2024-10-31,2024-11-10,2024-10-05,251.28
62,145,Grand Plaza,New York,Suite,2024-07-12,2024-07-18,2024-06-20,756.81
63,869,Grand Plaza,Dubai,Suite,2025-02-05,2025-02-08,2025-01-26,324.69
64,584,Comfort Inn,Paris,Double,2024-09-01,2024-09-05,2024-08-05,222.24
65,146,Grand Plaza,Tokyo,Suite,2024-10-03,2024-10-08,2024-09-09,431.54
66,80,Comfort Inn,Dubai,Single,2024-11-29,2024-12-03,2024-11-21,749.37
67,397,Oceanview Resort,Paris,Suite,2024-11-25,2024-12-01,2024-11-21,804.16
68,944,City Lights Hotel,Paris,Single,2024-05-03,2024-05-08,2024-04-25,722.63
69,331,City Lights Hotel,Dubai,Suite,2024-12-26,2024-12-31,2024-12-07,636.64
70,580,City Lights Hotel,Sydney,Suite,2024-08-25,2024-08-27,2024-08-24,436.24
71,662,City Lights Hotel,London,Double,2024-10-28,2024-11-07,2024-10-03,260.18
72,30,Comfort Inn,Toronto,Single,2025-01-24,2025-01-26,2025-01-11,193.23
73,938,City Lights Hotel,Toronto,Suite,2024-05-04,2024-05-13,2024-04-20,367.94
74,391,Grand Plaza,Paris,Suite,2025-03-25,2025-03-27,2025-03-09,580.6
75,111,Oceanview Resort,London,Suite,2024-07-03,2024-07-07,2024-06-14,340.9
76,306,Grand Plaza,New York,Single,2024-04-24,2024-05-03,2024-04-22,809.26
77,656,Oceanview Resort,Dubai,Suite,2024-06-18,2024-06-23,2024-06-13,173.04
78,515,Oceanview Resort,Dubai,Suite,2024-03-13,2024-03-20,2024-03-12,155.29
79,158,Oceanview Resort,Toronto,Double,2024-09-12,2024-09-20,2024-08-23,900.07
80,198,Oceanview Resort,New York,Suite,2024-09-25,2024-10-04,2024-09-24,636.45
81,570,Oceanview Resort,London,Suite,2025-03-19,2025-03-29,2025-03-09,780.87
82,245,City Lights Hotel,Toronto,Suite,2025-03-19,2025-03-24,2025-02-23,723.33
83,795,Oceanview Resort,New York,Single,2024-04-05,2024-04-08,2024-03-22,918.15
84,989,Oceanview Resort,Sydney,Suite,2025-03-03,2025-03-07,2025-02-04,344.64
85,756,Grand Plaza,Sydney,Double,2024-11-04,2024-11-12,2024-10-06,965.8
86,743,City Lights Hotel,Toronto,Double,2025-01-12,2025-01-14,2024-12-25,843.96
87,764,Oceanview Resort,Sydney,Suite,2024-04-18,2024-04-23,2024-04-16,477.62
88,174,Oceanview Resort,Tokyo,Suite,2024-12-29,2025-01-06,2024-12-19,90.58
89,830,Oceanview Resort,London,Double,2024-12-27,2024-12-29,2024-12-23,306.53
90,134,Comfort Inn,Dubai,Suite,2024-05-05,2024-05-15,2024-04-12,915.3
91,439,Grand Plaza,London,Double,2024-06-07,2024-06-11,2024-05-26,445.96
92,873,Oceanview Resort,Paris,Single,2024-05-19,2024-05-26,2024-05-09,603.36
93,915,Comfort Inn,Tokyo,Double,2024-04-18,2024-04-19,2024-03-31,66.99
94,408,City Lights Hotel,Paris,Double,2024-04-10,2024-04-12,2024-04-07,949.99
95,643,Comfort Inn,Tokyo,Suite,2024-08-10,2024-08-20,2024-07-30,656.93
96,997,Comfort Inn,Tokyo,Double,2024-07-05,2024-07-13,2024-06-10,842.33
97,896,Comfort Inn,Paris,Suite,2025-01-04,2025-01-10,2024-12-14,544.8
98,430,Comfort Inn,Dubai,Double,2024-12-27,2024-12-30,2024-12-05,645.56
99,79,Comfort Inn,Tokyo,Single,2024-12-31,2025-01-04,2024-12-06,224.36
100,444,Grand Plaza,Paris,Single,2024-09-02,2024-09-08,2024-08-22,279.62
101,810,Oceanview Resort,Paris,Double,2024-10-14,2024-10-15,2024-10-11,194.08
102,851,Grand Plaza,Sydney,Double,2025-02-20,2025-02-24,2025-01-27,885.59
103,699,Oceanview Resort,Tokyo,Suite,2024-03-20,2024-03-25,2024-03-14,364.84
104,590,Grand Plaza,London,Double,2024-06-04,2024-06-10,2024-05-26,651.62
105,28,Grand Plaza,New York,Single,2024-10-24,2024-10-25,2024-10-07,141.25
106,805,Comfort Inn,Tokyo,Single,2025-03-09,2025-03-13,2025-02-25,241.9
107,410,Grand Plaza,Paris,Suite,2025-01-24,2025-01-30,2025-01-13,667.33
108,689,City Lights Hotel,London,Single,2025-04-02,2025-04-12,2025-03-08,764.54
109,847,City Lights Hotel,Tokyo,Double,2024-11-17,2024-11-22,2024-10-25,555.94
110,283,City Lights Hotel,Dubai,Single,2024-07-12,2024-07-17,2024-07-05,666.37
111,835,Grand Plaza,New York,Single,2024-12-29,2025-01-01,2024-12-28,502.74
112,224,Comfort Inn,Paris,Suite,2024-05-04,2024-05-11,2024-04-29,597.09
113,616,Comfort Inn,Dubai,Single,2024-11-04,2024-11-13,2024-10-14,614.84
114,975,Oceanview Resort,New York,Double,2024-03-13,2024-03-21,2024-03-12,237.86
115,436,Grand Plaza,New York,Suite,2024-03-14,2024-03-19,2024-03-09,333.74
116,557,City Lights Hotel,London,Single,2024-10-05,2024-10-08,2024-09-13,968.49
117,130,Grand Plaza,Sydney,Suite,2025-02-21,2025-02-24,2025-01-31,300.45
118,684,Oceanview Resort,New York,Double,2025-02-08,2025-02-14,2025-01-20,455.66
119,616,Oceanview Resort,Tokyo,Single,2025-03-14,2025-03-16,2025-02-22,368.75
120,496,Grand Plaza,Dubai,Single,2025-01-27,2025-02-03,2025-01-12,407.39
121,537,City Lights Hotel,Paris,Single,2024-12-31,2025-01-08,2024-12-10,356.86
122,371,Grand Plaza,Tokyo,Single,2024-11-15,2024-11-20,2024-11-14,991.66
123,43,Comfort Inn,London,Suite,2025-03-09,2025-03-18,2025-02-19,133.67
124,937,Grand Plaza,Tokyo,Single,2025-01-16,2025-01-18,2025-01-13,587.98
125,687,Grand Plaza,Dubai,Single,2024-11-29,2024-12-06,2024-11-03,202.05
126,749,City Lights Hotel,Sydney,Suite,2024-10-07,2024-10-12,2024-09-10,863.45
127,549,Oceanview Resort,Tokyo,Suite,2024-05-13,2024-05-20,2024-05-09,206.02
128,808,City Lights Hotel,Sydney,Single,2024-08-05,2024-08-12,2024-07-30,523.17
129,673,Comfort Inn,Sydney,Suite,2025-01-20,2025-01-30,2025-01-16,210.23
130,413,Grand Plaza,Sydney,Double,2024-08-05,2024-08-10,2024-07-30,436.61
131,772,Oceanview Resort,New York,Suite,2024-04-01,2024-04-05,2024-03-30,517.92
132,491,City Lights Hotel,Sydney,Double,2025-02-13,2025-02-21,2025-02-05,515.33
133,464,Grand Plaza,Paris,Double,2025-03-15,2025-03-25,2025-02-19,320.55
134,913,Oceanview Resort,Dubai,Single,2024-07-06,2024-07-07,2024-06-18,635.95
135,184,Comfort Inn,London,Suite,2024-07-06,2024-07-11,2024-06-18,695.91
136,571,Oceanview Resort,London,Double,2024-04-08,2024-04-15,2024-04-07,340.6
137,927,Comfort Inn,Tokyo,Suite,2024-11-02,2024-11-09,2024-10-07,750.24
138,206,City Lights Hotel,Sydney,Suite,2024-12-13,2024-12-21,2024-11-28,597.09
139,70,City Lights Hotel,Paris,Suite,2024-08-01,2024-08-11,2024-07-04,397.4
140,712,Comfort Inn,London,Double,2024-05-24,2024-05-25,2024-04-26,532.6
141,704,Oceanview Resort,New York,Double,2024-06-24,2024-06-26,2024-06-01,422.94
142,658,City Lights Hotel,Paris,Single,2024-10-09,2024-10-18,2024-09-11,993.03
143,298,Comfort Inn,Paris,Double,2024-11-09,2024-11-15,2024-10-19,103.72
144,744,City Lights Hotel,Tokyo,Single,2025-04-02,2025-04-04,2025-03-09,824.69
145,174,Oceanview Resort,New York,Suite,2024-11-10,2024-11-20,2024-11-01,379.29
146,140,Grand Plaza,New York,Suite,2024-10-01,2024-10-08,2024-09-29,55.38
147,783,City Lights Hotel,Dubai,Suite,2025-02-27,2025-03-05,2025-02-01,97.49
148,98,Oceanview Resort,Dubai,Suite,2024-09-08,2024-09-16,2024-09-07,951.69
149,34,Grand Plaza,Paris,Single,2025-03-07,2025-03-10,2025-02-28,642.09
150,627,Oceanview Resort,Dubai,Double,2024-08-14,2024-08-16,2024-07-25,419.15
151,622,Oceanview Resort,Paris,Single,2024-10-20,2024-10-30,2024-10-03,751.29
152,116,Oceanview Resort,London,Suite,2024-09-25,2024-09-27,2024-09-24,828.54
153,360,Grand Plaza,New York,Suite,2024-09-27,2024-09-29,2024-09-06,702.07
154,753,Grand Plaza,London,Single,2024-10-06,2024-10-08,2024-09-22,102.29
155,140,Grand Plaza,London,Single,2024-06-29,2024-07-09,2024-06-19,173.91
156,102,City Lights Hotel,Toronto,Double,2024-07-08,2024-07-17,2024-07-02,679.66
157,672,Comfort Inn,Toronto,Suite,2024-08-05,2024-08-08,2024-08-03,807.59
158,676,Comfort Inn,Sydney,Double,2024-10-15,2024-10-23,2024-09-23,853.5
159,370,City Lights Hotel,Dubai,Suite,2025-01-16,2025-01-20,2025-01-13,130.47
160,3,Oceanview Resort,Dubai,Suite,2024-07-16,2024-07-25,2024-06-21,924.61
161,951,Grand Plaza,Tokyo,Single,2024-10-06,2024-10-13,2024-10-01,531.7
162,604,Oceanview Resort,Dubai,Suite,2024-06-16,2024-06-17,2024-05-29,705.53
163,637,Comfort Inn,Paris,Suite,2024-04-26,2024-04-29,2024-04-15,693.08
164,853,Grand Plaza,Paris,Single,2024-05-17,2024-05-20,2024-05-01,745.32
165,455,Grand Plaza,Tokyo,Suite,2024-06-04,2024-06-11,2024-05-13,804.06
166,783,Oceanview Resort,Dubai,Single,2024-04-02,2024-04-07,2024-03-11,626.17
167,739,Comfort Inn,Toronto,Double,2024-06-16,2024-06-21,2024-05-27,349.59
168,705,Oceanview Resort,Dubai,Suite,2024-09-26,2024-09-29,2024-08-29,365.02
169,693,City Lights Hotel,Tokyo,Double,2024-05-14,2024-05-16,2024-05-14,771.81
170,784,City Lights Hotel,New York,Double,2024-09-22,2024-09-26,2024-09-16,423.78
171,702,Oceanview Resort,Dubai,Suite,2024-05-24,2024-05-26,2024-05-20,650.45
172,964,Oceanview Resort,Dubai,Single,2024-08-08,2024-08-13,2024-07-18,300.88
173,426,Grand Plaza,Tokyo,Suite,2025-02-11,2025-02-19,2025-01-19,337.23
174,469,Oceanview Resort,Sydney,Single,2024-11-03,2024-11-13,2024-10-30,51.57
175,777,Comfort Inn,Toronto,Single,2025-03-20,2025-03-30,2025-03-01,939.46
176,914,Oceanview Resort,Dubai,Single,2025-03-01,2025-03-05,2025-02-09,415.88
177,461,Oceanview Resort,Sydney,Suite,2024-04-28,2024-04-30,2024-04-06,842.24
178,339,City Lights Hotel,Tokyo,Double,2024-06-24,2024-06-27,2024-06-18,608.54
179,259,City Lights Hotel,Sydney,Single,2025-02-22,2025-02-27,2025-02-03,750.87
180,13,City Lights Hotel,Tokyo,Suite,2024-11-22,2024-12-02,2024-11-09,613.39
181,873,Oceanview Resort,New York,Single,2024-09-05,2024-09-06,2024-08-13,742.79
182,271,Grand Plaza,Sydney,Double,2024-03-16,2024-03-21,2024-03-13,248.93
183,594,Oceanview Resort,New York,Double,2024-10-18,2024-10-27,2024-10-02,351.39
184,317,City Lights Hotel,Sydney,Single,2024-11-28,2024-12-05,2024-11-11,997.59
185,26,Oceanview Resort,New York,Double,2024-04-09,2024-04-10,2024-03-15,963.62
186,750,Grand Plaza,New York,Single,2024-09-02,2024-09-05,2024-08-09,939.83
187,479,City Lights Hotel,Dubai,Single,2025-01-23,2025-01-24,2025-01-17,404.93
188,47,Grand Plaza,Sydney,Suite,2025-01-19,2025-01-21,2025-01-16,229.4
189,784,Grand Plaza,New York,Single,2024-04-05,2024-04-07,2024-03-26,807.98
190,387,Oceanview Resort,Tokyo,Double,2024-11-14,2024-11-16,2024-10-23,693.03
191,904,Comfort Inn,Paris,Suite,2024-07-16,2024-07-24,2024-07-07,966.88
192,232,Grand Plaza,New York,Single,2024-09-15,2024-09-18,2024-09-09,945.97
193,870,Comfort Inn,Dubai,Single,2024-09-26,2024-10-05,2024-09-15,940.56
194,60,Grand Plaza,Paris,Double,2024-04-12,2024-04-20,2024-04-10,879.39
195,57,City Lights Hotel,Tokyo,Suite,2024-07-08,2024-07-17,2024-07-05,970.53
196,388,City Lights Hotel,Paris,Single,2024-06-05,2024-06-14,2024-06-04,583.46
197,988,City Lights Hotel,Tokyo,Single,2024-11-26,2024-12-06,2024-11-03,275.09
198,410,Comfort Inn,New York,Single,2025-01-09,2025-01-13,2024-12-18,622.59
199,115,City Lights Hotel,Sydney,Suite,2024-12-01,2024-12-03,2024-11-10,827.27
200,204,Comfort Inn,New York,Suite,2024-09-06,2024-09-14,2024-08-28,117.89
201,723,City Lights Hotel,Sydney,Single,2024-10-10,2024-10-11,2024-09-24,130.09
202,549,City Lights Hotel,Toronto,Single,2024-07-20,2024-07-25,2024-06-25,283.83
203,665,City Lights Hotel,London,Suite,2024-05-19,2024-05-22,2024-05-08,470.62
204,75,City Lights Hotel,Tokyo,Suite,2024-07-06,2024-07-09,2024-07-01,828.95
205,945,Grand Plaza,Toronto,Suite,2024-11-05,2024-11-07,2024-10-12,193.71
206,827,Oceanview Resort,New York,Double,2024-08-18,2024-08-23,2024-08-15,864.75
207,630,Grand Plaza,Tokyo,Suite,2024-04-20,2024-04-21,2024-03-29,905.21
208,544,Comfort Inn,Paris,Suite,2024-12-12,2024-12-15,2024-11-28,894.91
209,663,City Lights Hotel,Sydney,Suite,2024-09-02,2024-09-10,2024-08-09,697.9
210,9,Oceanview Resort,New York,Single,2024-10-07,2024-10-16,2024-09-29,480.2
211,438,Oceanview Resort,Sydney,Single,2025-02-16,2025-02-23,2025-01-27,378.9
212,874,Oceanview Resort,New York,Double,2024-11-06,2024-11-09,2024-10-30,589.58
213,524,City Lights Hotel,Tokyo,Suite,2024-08-21,2024-08-24,2024-07-24,195.95
214,286,City Lights Hotel,Paris,Suite,2024-08-18,2024-08-19,2024-08-18,645.77
215,551,Comfort Inn,London,Suite,2024-05-03,2024-05-06,2024-05-02,907.71
216,590,Comfort Inn,Tokyo,Single,2024-07-03,2024-07-11,2024-06-12,646.21
217,741,Grand Plaza,London,Single,2024-07-26,2024-08-05,2024-07-20,979.72
218,622,City Lights Hotel,London,Suite,2024-09-28,2024-10-04,2024-09-02,123.77
219,841,City Lights Hotel,New York,Suite,2024-07-20,2024-07-23,2024-07-08,113.66
220,266,City Lights Hotel,Dubai,Single,2024-05-26,2024-05-29,2024-04-27,212.43
221,977,Comfort Inn,Dubai,Double,2024-11-30,2024-12-08,2024-11-02,585.81
222,876,Comfort Inn,London,Suite,2024-12-08,2024-12-18,2024-11-28,123.59
223,363,Oceanview Resort,Paris,Single,2024-03-25,2024-03-29,2024-03-25,233.32
224,889,Oceanview Resort,Paris,Single,2024-12-11,2024-12-16,2024-12-10,293.11
225,571,Comfort Inn,Toronto,Double,2024-05-01,2024-05-06,2024-04-04,688.31
226,749,Grand Plaza,Paris,Suite,2024-10-19,2024-10-23,2024-10-07,977.07
227,642,Comfort Inn,Tokyo,Suite,2025-02-02,2025-02-10,2025-01-09,725.73
228,91,Grand Plaza,Dubai,Suite,2024-10-31,2024-11-08,2024-10-30,937.3
229,868,Grand Plaza,New York,Double,2024-05-26,2024-05-28,2024-05-17,443.55
230,778,Grand Plaza,New York,Suite,2025-01-30,2025-02-04,2025-01-30,903.8
231,193,Grand Plaza,Tokyo,Single,2024-05-27,2024-05-29,2024-05-07,458.1
232,695,Oceanview Resort,New York,Suite,2024-06-26,2024-07-05,2024-06-01,577.23
233,370,Oceanview Resort,London,Single,2024-10-19,2024-10-23,2024-10-14,645.85
234,515,Oceanview Resort,Toronto,Single,2024-07-26,2024-08-04,2024-07-25,825.77
235,851,Grand Plaza,Sydney,Single,2024-11-11,2024-11-12,2024-11-07,947.65
236,74,Comfort Inn,Tokyo,Double,2024-11-26,2024-12-01,2024-11-24,877.12
237,213,City Lights Hotel,Dubai,Suite,2024-03-15,2024-03-17,2024-03-09,296.29
238,804,Comfort Inn,London,Suite,2024-05-29,2024-05-31,2024-05-26,102.91
239,895,Grand Plaza,London,Double,2024-09-26,2024-09-30,2024-09-20,581.63
240,324,Comfort Inn,Sydney,Suite,2025-02-02,2025-02-10,2025-01-16,760.1
241,824,Comfort Inn,Sydney,Double,2024-11-02,2024-11-06,2024-10-05,950.62
242,303,City Lights Hotel,Sydney,Single,2024-07-29,2024-08-06,2024-07-25,818.44
243,499,Comfort Inn,Dubai,Suite,2024-08-15,2024-08-25,2024-08-12,501.95
244,81,Grand Plaza,London,Single,2024-04-11,2024-04-13,2024-03-20,70.86
245,65,Oceanview Resort,New York,Single,2025-03-13,2025-03-20,2025-02-24,866.72
246,399,Grand Plaza,Dubai,Suite,2025-01-10,2025-01-20,2025-01-08,178.49
247,962,City Lights Hotel,Dubai,Suite,2025-01-05,2025-01-10,2024-12-14,939.77
248,171,City Lights Hotel,Dubai,Suite,2025-01-23,2025-01-31,2025-01-14,112.52
249,673,Grand Plaza,Dubai,Single,2024-05-16,2024-05-19,2024-04-27,267.3
250,1,Oceanview Resort,Paris,Double,2024-08-11,2024-08-13,2024-08-04,178.03
251,968,City Lights Hotel,Tokyo,Single,2024-08-04,2024-08-09,2024-07-19,564.07
252,121,Comfort Inn,Tokyo,Double,2024-09-03,2024-09-06,2024-09-01,777.71
253,574,City Lights Hotel,New York,Single,2024-07-27,2024-07-30,2024-07-07,420.71
254,466,Oceanview Resort,New York,Suite,2024-06-30,2024-07-06,2024-06-12,574.12
255,429,Oceanview Resort,Toronto,Suite,2024-08-06,2024-08-15,2024-08-06,209.34
256,170,Oceanview Resort,Dubai,Single,2024-05-26,2024-06-03,2024-04-30,859.59
257,93,Grand Plaza,New York,Single,2025-01-29,2025-02-03,2025-01-28,440.16
258,577,Oceanview Resort,London,Single,2025-01-29,2025-01-31,2025-01-06,614.23
259,334,Oceanview Resort,Sydney,Single,2024-07-27,2024-08-05,2024-07-15,883.07
260,613,Oceanview Resort,New York,Single,2024-10-24,2024-11-01,2024-10-02,805.22
261,383,City Lights Hotel,Tokyo,Single,2024-04-17,2024-04-21,2024-03-27,163.93
262,266,City Lights Hotel,Toronto,Single,2024-06-02,2024-06-08,2024-05-27,714.22
263,557,Comfort Inn,Toronto,Single,2024-07-11,2024-07-14,2024-06-19,95.9
264,791,Oceanview Resort,Sydney,Suite,2024-06-16,2024-06-23,2024-05-29,759.63
265,292,City Lights Hotel,New York,Double,2024-10-28,2024-11-07,2024-10-13,184.82
266,777,Comfort Inn,New York,Single,2024-06-26,2024-06-28,2024-06-01,553.26
267,754,Oceanview Resort,Tokyo,Single,2024-04-13,2024-04-15,2024-04-11,529.32
268,13,Comfort Inn,Toronto,Double,2024-08-04,2024-08-12,2024-07-16,102.41
269,226,City Lights Hotel,Dubai,Double,2024-08-02,2024-08-09,2024-07-23,691.56
270,435,Comfort Inn,Toronto,Single,2024-10-02,2024-10-09,2024-09-23,334.06
271,178,City Lights Hotel,New York,Suite,2024-05-03,2024-05-11,2024-04-26,175.24
272,792,Grand Plaza,Sydney,Suite,2025-01-15,2025-01-24,2024-12-22,959.6
273,183,Comfort Inn,London,Suite,2024-03-23,2024-03-26,2024-03-22,219.73
274,160,Grand Plaza,Toronto,Suite,2024-08-21,2024-08-29,2024-08-20,730.5
275,10,City Lights Hotel,Sydney,Single,2024-06-13,2024-06-15,2024-06-05,487.19
276,501,Comfort Inn,Toronto,Single,2025-03-06,2025-03-13,2025-02-21,850.54
277,560,City Lights Hotel,Tokyo,Double,2025-03-09,2025-03-10,2025-02-16,743.47
278,633,Comfort Inn,Toronto,Suite,2025-03-13,2025-03-17,2025-02-22,924.68
279,268,City Lights Hotel,Dubai,Suite,2025-01-03,2025-01-07,2024-12-15,878.3
280,494,City Lights Hotel,London,Double,2024-10-16,2024-10-17,2024-10-05,639.44
281,27,Comfort Inn,New York,Double,2024-12-05,2024-12-06,2024-11-19,804.09
282,775,Grand Plaza,Sydney,Double,2025-01-25,2025-01-31,2025-01-01,288.14
283,629,Grand Plaza,Paris,Double,2024-10-15,2024-10-16,2024-09-17,423.27
284,551,Oceanview Resort,Paris,Single,2024-05-18,2024-05-26,2024-05-17,315.76
285,101,Oceanview Resort,London,Single,2024-05-31,2024-06-09,2024-05-29,838.31
286,451,Oceanview Resort,New York,Single,2024-06-22,2024-06-26,2024-06-05,356.9
287,174,Comfort Inn,London,Single,2024-07-06,2024-07-15,2024-06-21,257.04
288,208,Comfort Inn,New York,Double,2024-10-20,2024-10-22,2024-09-28,671.22
289,863,Comfort Inn,New York,Suite,2025-02-10,2025-02-14,2025-01-31,859.99
290,522,Grand Plaza,Toronto,Double,2024-10-27,2024-11-03,2024-10-04,600.98
291,328,Comfort Inn,Tokyo,Suite,2024-05-19,2024-05-28,2024-04-25,748.3
292,191,Comfort Inn,Sydney,Suite,2024-12-30,2025-01-09,2024-12-09,79.63
293,169,Grand Plaza,Tokyo,Single,2024-07-15,2024-07-16,2024-07-07,503.28
294,396,Comfort Inn,Toronto,Double,2025-01-14,2025-01-17,2024-12-16,438.13
295,714,Comfort Inn,Tokyo,Single,2024-10-10,2024-10-11,2024-10-08,737.01
296,725,Oceanview Resort,Toronto,Single,2025-02-28,2025-03-01,2025-02-16,253.15
297,957,Oceanview Resort,Tokyo,Suite,2024-05-06,2024-05-11,2024-04-15,219.4
298,92,City Lights Hotel,London,Double,2024-05-19,2024-05-20,2024-05-14,68.31
299,584,City Lights Hotel,London,Double,2024-04-11,2024-04-21,2024-04-01,478.5
300,251,Comfort Inn,Dubai,Suite,2024-05-18,2024-05-24,2024-04-24,894.4
301,527,City Lights Hotel,Paris,Suite,2024-04-10,2024-04-14,2024-03-24,505.03
302,740,Oceanview Resort,Toronto,Single,2025-03-03,2025-03-06,2025-02-11,904.6
303,820,Oceanview Resort,New York,Double,2024-12-01,2024-12-09,2024-11-19,672.09
304,720,Grand Plaza,New York,Single,2025-01-01,2025-01-05,2024-12-11,786.69
305,484,Oceanview Resort,New York,Double,2024-11-28,2024-12-03,2024-11-21,196.37
306,786,Comfort Inn,Sydney,Double,2024-10-11,2024-10-21,2024-10-06,122.41
307,133,City Lights Hotel,London,Suite,2024-07-15,2024-07-17,2024-06-21,549.27
308,256,City Lights Hotel,Dubai,Double,2025-02-19,2025-02-22,2025-02-05,872.78
309,834,City Lights Hotel,Toronto,Single,2024-05-19,2024-05-24,2024-04-29,304.89
310,116,Comfort Inn,Paris,Double,2025-02-06,2025-02-16,2025-01-10,369.35
311,63,Comfort Inn,New York,Double,2024-10-13,2024-10-17,2024-09-17,622.31
312,327,Oceanview Resort,Paris,Suite,2025-01-31,2025-02-04,2025-01-20,336.5
313,343,Grand Plaza,Toronto,Double,2024-11-27,2024-12-01,2024-11-03,726.78
314,1000,Grand Plaza,Sydney,Double,2025-02-14,2025-02-20,2025-01-19,185.41
315,470,Comfort Inn,New York,Double,2024-09-18,2024-09-19,2024-08-27,673.38
316,709,City Lights Hotel,Sydney,Single,2025-01-22,2025-01-31,2025-01-08,833.34
317,508,Oceanview Resort,Tokyo,Single,2024-12-03,2024-12-05,2024-11-06,422.32
318,726,Comfort Inn,Toronto,Single,2024-07-08,2024-07-10,2024-06-24,791.18
319,606,Oceanview Resort,Tokyo,Double,2024-11-08,2024-11-11,2024-10-31,143.75
320,52,Oceanview Resort,Paris,Double,2024-03-30,2024-04-03,2024-03-13,329.01
321,403,Grand Plaza,Paris,Double,2025-02-07,2025-02-10,2025-02-07,545.9
322,462,Oceanview Resort,Paris,Suite,2024-09-27,2024-10-02,2024-09-07,344.97
323,740,Grand Plaza,Tokyo,Suite,2024-12-04,2024-12-08,2024-11-10,850.48
324,507,City Lights Hotel,New York,Double,2024-10-18,2024-10-25,2024-09-28,650.99
325,12,Comfort Inn,London,Single,2024-11-01,2024-11-08,2024-10-10,236.94
326,3,Comfort Inn,Tokyo,Double,2024-04-25,2024-04-30,2024-03-28,93.76
327,715,City Lights Hotel,Tokyo,Suite,2024-10-15,2024-10-18,2024-09-28,770.48
328,756,Comfort Inn,Sydney,Double,2025-02-28,2025-03-03,2025-02-05,314.38
329,206,City Lights Hotel,Tokyo,Suite,2024-12-29,2025-01-05,2024-12-19,484.33
330,983,City Lights Hotel,New York,Suite,2024-11-13,2024-11-17,2024-10-23,772.16
331,655,City Lights Hotel,Toronto,Double,2025-03-05,2025-03-10,2025-02-22,755.05
332,804,Grand Plaza,Toronto,Suite,2024-09-07,2024-09-09,2024-09-04,156.8
333,287,City Lights Hotel,Toronto,Single,2024-05-05,2024-05-08,2024-04-22,604.04
334,505,Comfort Inn,Toronto,Double,2024-05-01,2024-05-05,2024-04-27,822.37
335,908,Comfort Inn,Dubai,Suite,2024-06-03,2024-06-10,2024-06-02,929.6
336,78,Comfort Inn,Paris,Suite,2024-05-11,2024-05-19,2024-04-20,519.51
337,112,Oceanview Resort,Toronto,Double,2025-02-10,2025-02-17,2025-01-21,963.83
338,655,Grand Plaza,New York,Suite,2025-03-10,2025-03-12,2025-03-07,622.2
339,208,Oceanview Resort,Tokyo,Suite,2025-03-06,2025-03-10,2025-02-06,407.24
340,266,City Lights Hotel,New York,Double,2025-01-16,2025-01-24,2025-01-16,370.52
341,545,Grand Plaza,New York,Single,2024-06-26,2024-07-02,2024-06-14,320.19
342,485,Comfort Inn,Sydney,Single,2024-05-31,2024-06-03,2024-05-26,336.15
343,789,Grand Plaza,London,Suite,2024-07-17,2024-07-18,2024-06-30,905.83
344,674,Oceanview Resort,Toronto,Double,2024-09-28,2024-10-04,2024-09-20,941.35
345,557,Comfort Inn,Toronto,Suite,2024-04-14,2024-04-22,2024-03-28,372.97
346,47,Grand Plaza,New York,Single,2024-07-23,2024-08-02,2024-06-26,438.88
347,687,Oceanview Resort,Sydney,Double,2025-02-12,2025-02-22,2025-02-01,96.59
348,52,Oceanview Resort,New York,Double,2024-05-30,2024-06-09,2024-05-08,613.29
349,180,Grand Plaza,Sydney,Double,2025-03-08,2025-03-17,2025-02-20,816.68
350,938,City Lights Hotel,Dubai,Single,2024-11-14,2024-11-17,2024-10-28,333.49
351,160,Comfort Inn,Tokyo,Single,2025-01-19,2025-01-27,2025-01-14,382.98
352,459,Grand Plaza,New York,Double,2024-12-22,2024-12-24,2024-12-20,378.38
353,829,Comfort Inn,Sydney,Suite,2025-03-13,2025-03-20,2025-03-04,839.37
354,88,Grand Plaza,Tokyo,Suite,2025-01-03,2025-01-08,2024-12-26,572.81
355,667,Oceanview Resort,Toronto,Suite,2024-07-01,2024-07-10,2024-06-08,541.85
356,445,Oceanview Resort,New York,Single,2024-05-24,2024-06-01,2024-05-05,692.22
357,662,City Lights Hotel,London,Suite,2024-10-15,2024-10-22,2024-10-02,742.84
358,623,Oceanview Resort,Sydney,Double,2024-07-30,2024-08-06,2024-07-18,776.95
359,29,Oceanview Resort,Dubai,Suite,2024-08-29,2024-08-31,2024-08-21,311.38
360,457,Oceanview Resort,Paris,Suite,2025-02-07,2025-02-12,2025-01-28,263.9
361,466,City Lights Hotel,New York,Single,2024-11-20,2024-11-25,2024-11-07,823.87
362,899,Comfort Inn,Sydney,Suite,2024-12-02,2024-12-11,2024-11-17,799.86
363,896,Comfort Inn,New York,Double,2024-06-29,2024-07-04,2024-06-15,365.34
364,289,Comfort Inn,Sydney,Suite,2024-08-14,2024-08-22,2024-08-03,485.18
365,353,Oceanview Resort,Sydney,Single,2024-12-18,2024-12-25,2024-11-27,719.41
366,152,Oceanview Resort,Sydney,Single,2025-03-09,2025-03-19,2025-03-04,316.2
367,68,Oceanview Resort,Sydney,Single,2024-05-14,2024-05-22,2024-05-06,492.28
368,636,City Lights Hotel,New York,Suite,2024-11-24,2024-12-01,2024-11-09,610.6
369,208,Grand Plaza,New York,Single,2024-08-06,2024-08-13,2024-07-08,156.24
370,872,Grand Plaza,New York,Double,2024-05-17,2024-05-18,2024-05-07,804.06
371,458,City Lights Hotel,New York,Suite,2025-01-16,2025-01-21,2025-01-01,109.68
372,133,City Lights Hotel,Dubai,Single,2024-08-06,2024-08-14,2024-07-10,719.28
373,986,City Lights Hotel,Toronto,Single,2025-02-04,2025-02-10,2025-02-01,204.5
374,794,City Lights Hotel,London,Single,2024-11-08,2024-11-17,2024-10-30,941.29
375,807,Oceanview Resort,London,Suite,2025-03-20,2025-03-28,2025-02-19,408.22
376,34,City Lights Hotel,London,Suite,2025-01-09,2025-01-18,2024-12-31,487.29
377,663,Oceanview Resort,Sydney,Single,2024-06-16,2024-06-22,2024-05-23,811.44
378,855,Grand Plaza,London,Double,2024-05-01,2024-05-11,2024-04-19,266.37
379,874,Comfort Inn,Dubai,Suite,2024-09-21,2024-09-29,2024-08-27,514.51
380,518,Comfort Inn,London,Suite,2024-05-22,2024-05-27,2024-05-03,170.79
381,861,Comfort Inn,Tokyo,Single,2024-06-16,2024-06-23,2024-06-02,789.76
382,322,Oceanview Resort,London,Suite,2024-10-29,2024-10-30,2024-10-20,401.41
383,832,Oceanview Resort,Dubai,Single,2025-01-23,2025-01-31,2025-01-11,724.55
384,899,City Lights Hotel,Tokyo,Single,2024-05-21,2024-05-29,2024-05-03,542.74
385,298,Grand Plaza,New York,Double,2024-10-02,2024-10-03,2024-09-06,155.0
386,481,Grand Plaza,Toronto,Single,2024-06-06,2024-06-10,2024-05-28,953.54
387,692,City Lights Hotel,Dubai,Suite,2024-05-23,2024-05-27,2024-05-18,281.87
388,82,Comfort Inn,Paris,Single,2025-02-02,2025-02-04,2025-01-23,231.04
389,820,City Lights Hotel,London,Double,2024-12-03,2024-12-06,2024-11-16,691.1
390,637,Oceanview Resort,London,Suite,2024-11-05,2024-11-06,2024-10-22,211.99
391,739,Oceanview Resort,London,Double,2024-11-17,2024-11-24,2024-11-09,300.62
392,62,Comfort Inn,Sydney,Single,2024-04-18,2024-04-20,2024-04-04,812.21
393,936,Oceanview Resort,Sydney,Suite,2024-04-29,2024-05-01,2024-04-05,142.06
394,935,City Lights Hotel,Dubai,Double,2024-10-09,2024-10-10,2024-10-03,895.32
395,21,Grand Plaza,Paris,Single,2024-10-12,2024-10-17,2024-09-23,184.56
396,150,City Lights Hotel,Tokyo,Single,2024-06-15,2024-06-24,2024-05-17,798.45
397,745,Grand Plaza,Tokyo,Double,2024-08-29,2024-09-03,2024-08-18,693.8
398,892,Comfort Inn,Paris,Single,2025-03-14,2025-03-24,2025-03-08,400.46
399,401,City Lights Hotel,Tokyo,Suite,2024-04-01,2024-04-07,2024-03-24,113.18
400,840,Comfort Inn,London,Suite,2024-07-18,2024-07-28,2024-07-13,730.87
401,40,Oceanview Resort,Toronto,Single,2024-07-07,2024-07-15,2024-06-27,256.18
402,913,City Lights Hotel,Tokyo,Single,2024-12-16,2024-12-24,2024-12-09,419.69
403,27,City Lights Hotel,Dubai,Single,2025-02-10,2025-02-13,2025-02-09,861.63
404,60,Comfort Inn,Tokyo,Single,2024-12-05,2024-12-09,2024-11-20,91.87
405,57,Comfort Inn,Sydney,Double,2024-12-24,2024-12-25,2024-12-24,124.85
406,128,Oceanview Resort,Paris,Single,2024-06-11,2024-06-19,2024-06-05,706.92
407,741,Comfort Inn,Toronto,Single,2025-02-09,2025-02-15,2025-02-08,348.96
408,767,Grand Plaza,London,Suite,2024-11-18,2024-11-25,2024-11-14,940.29
409,917,Oceanview Resort,Sydney,Suite,2025-02-08,2025-02-10,2025-01-25,672.53
410,891,Oceanview Resort,Dubai,Suite,2024-05-23,2024-05-26,2024-05-07,944.49
411,501,Oceanview Resort,Toronto,Double,2024-12-17,2024-12-22,2024-12-08,158.17
412,426,Oceanview Resort,New York,Double,2025-02-05,2025-02-08,2025-01-15,293.69
413,669,City Lights Hotel,Toronto,Double,2024-09-15,2024-09-24,2024-08-17,693.2
414,705,Comfort Inn,Toronto,Suite,2025-02-07,2025-02-16,2025-01-27,808.33
415,339,Oceanview Resort,Toronto,Double,2024-07-24,2024-08-03,2024-07-09,196.51
416,781,Comfort Inn,Dubai,Suite,2024-06-01,2024-06-09,2024-05-31,452.6
417,241,Oceanview Resort,Toronto,Single,2024-12-15,2024-12-20,2024-11-20,264.16
418,301,City Lights Hotel,Sydney,Single,2024-04-03,2024-04-11,2024-03-15,689.54
419,113,Grand Plaza,Dubai,Single,2024-08-07,2024-08-14,2024-08-02,287.23
420,207,Oceanview Resort,Toronto,Single,2025-01-31,2025-02-08,2025-01-20,884.2
421,24,Grand Plaza,Paris,Double,2024-05-06,2024-05-14,2024-04-09,63.51
422,330,Comfort Inn,New York,Double,2024-11-29,2024-12-02,2024-11-28,676.75
423,578,Grand Plaza,Toronto,Double,2024-12-06,2024-12-12,2024-11-23,89.27
424,779,Oceanview Resort,New York,Suite,2024-07-07,2024-07-10,2024-07-05,498.2
425,164,City Lights Hotel,Toronto,Single,2024-03-28,2024-04-07,2024-03-13,310.32
426,125,Grand Plaza,Tokyo,Double,2025-01-26,2025-01-31,2025-01-10,325.69
427,182,Oceanview Resort,Dubai,Suite,2025-01-30,2025-02-02,2025-01-22,146.85
428,291,City Lights Hotel,New York,Double,2025-01-18,2025-01-24,2025-01-12,772.32
429,964,Oceanview Resort,Paris,Double,2025-03-30,2025-04-09,2025-03-09,958.3
430,918,Comfort Inn,Sydney,Suite,2025-03-17,2025-03-25,2025-02-28,746.72
431,483,City Lights Hotel,Paris,Double,2024-09-07,2024-09-10,2024-08-16,209.96
432,175,City Lights Hotel,Dubai,Double,2024-09-01,2024-09-11,2024-08-06,155.99
433,754,City Lights Hotel,Tokyo,Single,2024-07-30,2024-08-05,2024-07-27,634.39
434,634,Grand Plaza,Toronto,Double,2025-02-11,2025-02-14,2025-02-10,470.47
435,156,Comfort Inn,Sydney,Single,2024-11-25,2024-11-26,2024-11-15,508.38
436,1000,City Lights Hotel,Toronto,Single,2025-03-10,2025-03-14,2025-02-12,192.71
437,791,Grand Plaza,Toronto,Single,2024-12-16,2024-12-20,2024-12-09,889.43
438,799,Oceanview Resort,Paris,Suite,2025-01-26,2025-01-29,2025-01-06,542.64
439,36,City Lights Hotel,Toronto,Double,2024-08-19,2024-08-22,2024-08-15,610.93
440,551,Oceanview Resort,London,Double,2024-08-14,2024-08-18,2024-07-19,263.68
441,444,City Lights Hotel,Sydney,Suite,2024-11-20,2024-11-26,2024-11-02,695.97
442,973,Comfort Inn,Sydney,Single,2025-03-13,2025-03-15,2025-02-13,935.44
443,383,City Lights Hotel,Paris,Single,2024-05-22,2024-05-29,2024-05-08,562.03
444,500,City Lights Hotel,London,Double,2024-04-09,2024-04-19,2024-03-22,639.47
445,426,Oceanview Resort,London,Double,2024-08-22,2024-09-01,2024-07-28,912.39
446,477,Grand Plaza,New York,Double,2024-05-16,2024-05-26,2024-04-21,239.23
447,327,Comfort Inn,Paris,Single,2024-12-31,2025-01-09,2024-12-22,310.32
448,381,City Lights Hotel,Toronto,Double,2024-08-09,2024-08-17,2024-08-01,559.4
449,533,City Lights Hotel,Sydney,Suite,2025-01-16,2025-01-22,2025-01-15,456.64
450,300,City Lights Hotel,Paris,Suite,2024-12-26,2024-12-28,2024-12-07,385.04
451,607,Oceanview Resort,Tokyo,Suite,2025-01-23,2025-01-30,2024-12-30,115.5
452,237,Comfort Inn,New York,Suite,2024-08-16,2024-08-26,2024-07-29,571.46
453,824,Comfort Inn,London,Single,2024-12-29,2025-01-06,2024-11-30,481.44
454,566,Oceanview Resort,Paris,Suite,2024-09-03,2024-09-10,2024-08-31,699.58
455,497,Grand Plaza,Tokyo,Suite,2025-02-24,2025-02-25,2025-02-15,406.1
456,563,Comfort Inn,London,Double,2024-12-21,2024-12-27,2024-12-15,761.83
457,875,Comfort Inn,Dubai,Single,2024-12-11,2024-12-20,2024-11-21,695.95
458,623,City Lights Hotel,London,Single,2025-02-05,2025-02-14,2025-01-14,494.12
459,75,Grand Plaza,Sydney,Double,2024-12-18,2024-12-19,2024-12-17,362.88
460,771,Oceanview Resort,Dubai,Single,2025-01-12,2025-01-21,2024-12-15,674.22
461,935,Oceanview Resort,London,Double,2024-10-17,2024-10-22,2024-10-01,739.79
462,625,City Lights Hotel,Sydney,Suite,2024-11-12,2024-11-20,2024-10-19,472.34
463,373,Comfort Inn,Tokyo,Double,2024-07-14,2024-07-23,2024-06-22,678.49
464,64,Comfort Inn,Dubai,Suite,2024-07-10,2024-07-11,2024-06-25,220.24
465,67,City Lights Hotel,Dubai,Single,2024-05-06,2024-05-13,2024-04-15,122.59
466,460,Oceanview Resort,Sydney,Double,2024-10-01,2024-10-04,2024-09-11,159.48
467,821,Grand Plaza,Toronto,Single,2024-07-28,2024-08-07,2024-07-14,960.45
468,856,Comfort Inn,London,Suite,2024-07-19,2024-07-21,2024-07-10,572.73
469,606,Comfort Inn,Dubai,Suite,2024-09-15,2024-09-18,2024-09-14,930.5
470,251,Oceanview Resort,Paris,Double,2024-11-24,2024-11-28,2024-11-12,730.1
471,833,Grand Plaza,London,Single,2024-06-23,2024-06-24,2024-06-17,754.02
472,389,Grand Plaza,Paris,Single,2024-08-02,2024-08-04,2024-07-28,745.37
473,199,Comfort Inn,Dubai,Double,2024-10-02,2024-10-08,2024-09-23,315.2
474,109,City Lights Hotel,Toronto,Single,2024-06-09,2024-06-11,2024-05-19,306.13
475,770,Oceanview Resort,Paris,Suite,2024-12-07,2024-12-09,2024-11-18,341.56
476,980,Comfort Inn,Paris,Double,2024-05-18,2024-05-20,2024-05-17,205.22
477,447,City Lights Hotel,Dubai,Double,2024-06-07,2024-06-10,2024-05-20,952.21
478,868,Grand Plaza,New York,Single,2024-07-23,2024-07-27,2024-07-16,353.75
479,89,Grand Plaza,Sydney,Double,2024-05-03,2024-05-11,2024-04-22,954.72
480,238,Comfort Inn,Tokyo,Single,2025-02-22,2025-02-27,2025-02-03,245.82
481,936,Grand Plaza,Toronto,Single,2025-03-02,2025-03-12,2025-02-12,569.9
482,692,Comfort Inn,Dubai,Single,2024-06-01,2024-06-10,2024-05-23,460.0
483,819,Oceanview Resort,Tokyo,Single,2024-05-15,2024-05-23,2024-04-23,114.3
484,448,Grand Plaza,Toronto,Single,2025-01-04,2025-01-10,2024-12-10,65.09
485,952,Oceanview Resort,Dubai,Double,2024-05-10,2024-05-11,2024-04-27,850.54
486,407,Comfort Inn,Paris,Single,2025-02-01,2025-02-03,2025-01-15,678.59
487,142,Grand Plaza,Toronto,Single,2024-12-27,2024-12-29,2024-11-28,500.06
488,252,Oceanview Resort,Paris,Single,2024-06-08,2024-06-12,2024-05-11,556.87
489,29,Grand Plaza,Tokyo,Single,2024-04-17,2024-04-21,2024-04-11,726.86
490,468,City Lights Hotel,Sydney,Suite,2024-11-06,2024-11-15,2024-10-30,424.84
491,407,Oceanview Resort,New York,Suite,2024-12-29,2025-01-06,2024-12-02,491.09
492,304,Grand Plaza,Tokyo,Single,2025-03-01,2025-03-07,2025-02-03,838.65
493,154,Grand Plaza,New York,Suite,2025-01-13,2025-01-20,2025-01-08,314.8
494,692,Comfort Inn,Dubai,Double,2024-05-01,2024-05-06,2024-04-27,693.54
495,989,Oceanview Resort,New York,Single,2024-09-18,2024-09-26,2024-08-23,222.92
496,962,Oceanview Resort,Sydney,Double,2025-01-07,2025-01-14,2024-12-23,975.17
497,784,Comfort Inn,Paris,Double,2024-09-14,2024-09-20,2024-09-01,489.49
498,814,Grand Plaza,Sydney,Double,2024-11-18,2024-11-20,2024-10-26,396.56
499,963,Comfort Inn,Sydney,Double,2024-10-18,2024-10-20,2024-09-23,322.31
500,420,Oceanview Resort,London,Double,2024-06-05,2024-06-07,2024-05-22,457.27
501,442,City Lights Hotel,Dubai,Single,2024-11-14,2024-11-21,2024-11-08,322.0
502,659,Oceanview Resort,Toronto,Suite,2025-03-25,2025-04-01,2025-02-26,466.07
503,172,City Lights Hotel,London,Suite,2024-07-28,2024-07-29,2024-07-13,939.18
504,730,City Lights Hotel,Dubai,Double,2024-08-04,2024-08-12,2024-07-23,793.91
505,927,Grand Plaza,Paris,Suite,2024-08-19,2024-08-24,2024-08-09,572.1
506,442,City Lights Hotel,New York,Suite,2025-01-07,2025-01-15,2025-01-03,802.59
507,323,Comfort Inn,Sydney,Double,2025-03-30,2025-04-04,2025-03-08,121.59
508,550,Grand Plaza,Paris,Single,2024-06-06,2024-06-16,2024-05-13,494.24
509,681,City Lights Hotel,London,Double,2024-04-23,2024-04-28,2024-03-29,726.92
510,994,Oceanview Resort,Toronto,Suite,2024-09-15,2024-09-25,2024-09-06,384.49
511,215,Comfort Inn,Sydney,Double,2024-12-15,2024-12-19,2024-11-16,926.51
512,545,City Lights Hotel,New York,Single,2024-12-08,2024-12-11,2024-11-29,533.51
513,82,Comfort Inn,New York,Single,2024-05-21,2024-05-26,2024-05-11,760.62
514,905,Grand Plaza,Paris,Double,2024-07-23,2024-08-02,2024-07-11,375.51
515,116,Grand Plaza,Toronto,Double,2024-06-18,2024-06-26,2024-06-09,291.03
516,897,Comfort Inn,Tokyo,Suite,2025-03-22,2025-03-29,2025-03-06,811.29
517,408,City Lights Hotel,Sydney,Double,2025-03-21,2025-03-26,2025-03-01,969.45
518,451,Comfort Inn,Tokyo,Single,2024-04-25,2024-05-05,2024-03-28,64.05
519,663,Grand Plaza,London,Suite,2024-10-11,2024-10-21,2024-09-28,440.92
520,240,City Lights Hotel,Tokyo,Single,2024-10-08,2024-10-17,2024-09-18,824.57
521,856,Comfort Inn,Paris,Suite,2024-08-31,2024-09-07,2024-08-04,749.76
522,621,Grand Plaza,London,Suite,2024-08-31,2024-09-07,2024-08-30,954.95
523,28,City Lights Hotel,New York,Single,2024-05-30,2024-06-02,2024-05-30,511.6
524,927,Comfort Inn,Paris,Single,2024-08-14,2024-08-24,2024-07-23,339.87
525,602,Oceanview Resort,London,Suite,2024-12-04,2024-12-11,2024-12-04,771.47
526,240,Oceanview Resort,Sydney,Double,2025-03-05,2025-03-15,2025-02-24,933.01
527,933,Grand Plaza,Tokyo,Single,2024-12-22,2024-12-23,2024-12-07,87.64
528,352,Comfort Inn,Toronto,Double,2024-03-22,2024-03-27,2024-03-19,183.63
529,256,Oceanview Resort,Paris,Single,2024-12-08,2024-12-18,2024-11-17,819.42
530,753,City Lights Hotel,Tokyo,Suite,2024-12-12,2024-12-17,2024-11-18,289.22
531,918,Grand Plaza,Sydney,Double,2024-10-12,2024-10-16,2024-09-25,483.02
532,98,Comfort Inn,Toronto,Suite,2024-04-12,2024-04-20,2024-04-11,307.71
533,397,Oceanview Resort,London,Single,2024-04-12,2024-04-14,2024-04-04,652.57
534,242,Oceanview Resort,Dubai,Suite,2024-09-15,2024-09-17,2024-09-01,428.42
535,827,Oceanview Resort,New York,Suite,2025-01-13,2025-01-20,2024-12-23,482.85
536,47,Oceanview Resort,Tokyo,Suite,2024-12-22,2024-12-24,2024-12-04,164.84
537,762,City Lights Hotel,Dubai,Suite,2024-08-28,2024-09-06,2024-08-06,807.47
538,178,City Lights Hotel,New York,Suite,2024-07-15,2024-07-17,2024-06-20,794.0
539,337,City Lights Hotel,London,Suite,2024-12-13,2024-12-16,2024-11-19,608.73
540,938,City Lights Hotel,Tokyo,Single,2024-07-04,2024-07-11,2024-06-14,175.83
541,350,Grand Plaza,New York,Suite,2025-01-17,2025-01-24,2025-01-13,631.5
542,476,Grand Plaza,Dubai,Suite,2024-12-06,2024-12-13,2024-11-07,898.49
543,805,Grand Plaza,Tokyo,Single,2024-12-03,2024-12-04,2024-11-29,686.49
544,909,Grand Plaza,Dubai,Double,2024-05-05,2024-05-13,2024-04-20,557.23
545,728,City Lights Hotel,Tokyo,Suite,2025-01-16,2025-01-18,2025-01-01,446.73
546,737,City Lights Hotel,Tokyo,Suite,2024-12-16,2024-12-19,2024-11-20,371.26
547,213,Oceanview Resort,New York,Suite,2024-08-19,2024-08-27,2024-08-11,172.92
548,526,Comfort Inn,New York,Double,2024-11-14,2024-11-20,2024-11-07,587.29
549,683,Grand Plaza,Tokyo,Suite,2025-02-22,2025-03-01,2025-02-15,895.93
550,951,City Lights Hotel,Dubai,Single,2024-05-01,2024-05-09,2024-04-17,108.41
551,756,Grand Plaza,Paris,Single,2024-08-06,2024-08-14,2024-08-03,865.86
552,82,Oceanview Resort,London,Double,2024-09-05,2024-09-12,2024-08-08,700.23
553,654,Comfort Inn,Dubai,Single,2025-01-04,2025-01-08,2024-12-31,989.32
554,419,Comfort Inn,London,Suite,2024-10-20,2024-10-28,2024-10-16,188.26
555,632,City Lights Hotel,Dubai,Single,2024-08-23,2024-08-26,2024-08-08,939.24
556,100,City Lights Hotel,Toronto,Single,2024-11-14,2024-11-23,2024-10-31,737.35
557,442,City Lights Hotel,Tokyo,Single,2024-08-11,2024-08-19,2024-07-20,272.08
558,454,City Lights Hotel,Toronto,Single,2024-10-22,2024-10-26,2024-09-27,683.96
559,917,Oceanview Resort,Paris,Single,2024-11-03,2024-11-06,2024-10-10,601.67
560,149,Grand Plaza,Tokyo,Double,2024-04-15,2024-04-22,2024-04-06,561.81
561,828,Grand Plaza,Tokyo,Single,2024-07-19,2024-07-27,2024-07-13,857.0
562,270,Comfort Inn,Dubai,Double,2024-07-20,2024-07-24,2024-07-01,55.43
563,849,Oceanview Resort,Toronto,Double,2025-02-12,2025-02-19,2025-02-01,779.86
564,642,City Lights Hotel,Sydney,Double,2024-08-26,2024-09-02,2024-08-19,874.01
565,32,Oceanview Resort,Toronto,Double,2024-11-28,2024-12-03,2024-11-22,387.08
566,30,Comfort Inn,Toronto,Single,2024-08-15,2024-08-23,2024-08-06,842.09
567,864,Grand Plaza,Dubai,Suite,2024-10-08,2024-10-12,2024-09-29,479.61
568,217,Grand Plaza,Dubai,Double,2024-12-08,2024-12-18,2024-11-29,386.04
569,999,City Lights Hotel,Paris,Suite,2024-05-04,2024-05-09,2024-04-07,866.72
570,401,Oceanview Resort,Tokyo,Single,2024-05-02,2024-05-08,2024-04-17,355.5
571,856,Oceanview Resort,Dubai,Double,2024-12-15,2024-12-18,2024-11-22,352.55
572,181,Grand Plaza,Dubai,Single,2024-04-28,2024-04-30,2024-04-23,81.66
573,886,City Lights Hotel,Toronto,Single,2025-01-09,2025-01-12,2024-12-26,830.51
574,818,Comfort Inn,London,Suite,2024-11-20,2024-11-27,2024-11-09,276.03
575,460,City Lights Hotel,Sydney,Single,2024-05-18,2024-05-19,2024-05-06,110.35
576,78,Comfort Inn,Paris,Suite,2024-08-17,2024-08-21,2024-07-21,101.8
577,741,Grand Plaza,Sydney,Double,2024-09-02,2024-09-12,2024-08-28,975.91
578,642,Grand Plaza,Tokyo,Suite,2024-08-30,2024-09-08,2024-08-13,331.62
579,170,Grand Plaza,New York,Suite,2024-04-16,2024-04-17,2024-03-20,548.36
580,453,Oceanview Resort,Dubai,Single,2024-10-28,2024-10-30,2024-10-07,869.61
581,545,Oceanview Resort,Dubai,Double,2024-12-02,2024-12-11,2024-11-07,592.42
582,916,Comfort Inn,Dubai,Double,2025-02-17,2025-02-27,2025-02-03,580.29
583,636,Comfort Inn,Tokyo,Suite,2024-08-20,2024-08-22,2024-08-13,383.92
584,577,City Lights Hotel,Sydney,Double,2024-10-03,2024-10-10,2024-09-27,217.97
585,347,Comfort Inn,Sydney,Double,2025-01-17,2025-01-24,2025-01-09,275.13
586,479,Comfort Inn,Tokyo,Single,2024-08-22,2024-08-31,2024-08-07,158.09
587,223,City Lights Hotel,Sydney,Suite,2025-01-11,2025-01-21,2025-01-09,745.6
588,664,Comfort Inn,Tokyo,Single,2025-02-19,2025-02-25,2025-02-16,608.51
589,59,City Lights Hotel,London,Double,2024-07-25,2024-08-01,2024-07-02,655.04
590,673,Comfort Inn,New York,Suite,2024-04-26,2024-05-03,2024-04-07,94.88
591,609,Comfort Inn,Dubai,Double,2024-07-08,2024-07-12,2024-06-16,959.66
592,289,City Lights Hotel,Tokyo,Single,2024-10-27,2024-11-05,2024-10-07,360.76
593,357,City Lights Hotel,Sydney,Single,2025-01-22,2025-01-31,2025-01-02,988.98
594,970,City Lights Hotel,Toronto,Suite,2025-02-01,2025-02-05,2025-01-04,409.72
595,944,Oceanview Resort,Paris,Suite,2024-03-25,2024-04-01,2024-03-17,614.46
596,439,Oceanview Resort,Sydney,Single,2024-10-21,2024-10-27,2024-09-29,283.0
597,441,Oceanview Resort,Toronto,Suite,2024-09-05,2024-09-08,2024-08-27,760.79
598,532,City Lights Hotel,Toronto,Double,2024-08-01,2024-08-10,2024-07-30,419.13
599,421,Grand Plaza,Tokyo,Double,2024-11-07,2024-11-10,2024-10-22,104.0
600,808,City Lights Hotel,Sydney,Double,2024-05-04,2024-05-10,2024-04-13,341.75
601,477,Comfort Inn,New York,Double,2025-02-05,2025-02-11,2025-01-20,907.08
602,317,Grand Plaza,Sydney,Suite,2024-07-19,2024-07-23,2024-07-11,616.6
603,257,Comfort Inn,Toronto,Suite,2024-08-22,2024-08-24,2024-07-24,878.12
604,46,Grand Plaza,Toronto,Suite,2024-04-26,2024-05-05,2024-04-05,405.1
605,568,Oceanview Resort,Sydney,Double,2024-07-06,2024-07-07,2024-06-11,662.61
606,556,City Lights Hotel,Dubai,Suite,2025-02-02,2025-02-07,2025-01-07,298.24
607,175,Grand Plaza,London,Single,2025-02-26,2025-03-04,2025-02-23,629.02
608,352,Grand Plaza,Paris,Single,2024-04-30,2024-05-03,2024-04-17,884.06
609,533,City Lights Hotel,London,Suite,2024-05-14,2024-05-23,2024-04-16,490.91
610,333,Grand Plaza,Dubai,Double,2024-09-03,2024-09-08,2024-08-12,949.66
611,929,Grand Plaza,New York,Single,2024-09-26,2024-09-27,2024-09-19,221.47
612,488,Grand Plaza,New York,Double,2024-09-03,2024-09-07,2024-08-27,442.61
613,891,City Lights Hotel,Toronto,Suite,2024-06-08,2024-06-12,2024-05-29,79.38
614,898,Comfort Inn,Sydney,Suite,2025-02-11,2025-02-14,2025-01-25,468.46
615,371,Grand Plaza,Toronto,Suite,2025-01-26,2025-01-31,2025-01-22,725.94
616,107,City Lights Hotel,New York,Single,2024-10-13,2024-10-23,2024-09-22,182.54
617,544,City Lights Hotel,New York,Single,2024-06-04,2024-06-05,2024-05-10,492.43
618,756,Grand Plaza,London,Single,2025-03-11,2025-03-12,2025-02-20,296.32
619,770,Oceanview Resort,Paris,Double,2024-04-09,2024-04-13,2024-03-20,701.76
620,798,Oceanview Resort,Sydney,Suite,2024-08-06,2024-08-10,2024-07-09,623.99
621,315,Grand Plaza,Sydney,Suite,2024-05-31,2024-06-10,2024-05-16,886.22
622,184,Oceanview Resort,Paris,Double,2024-04-20,2024-04-21,2024-04-05,343.62
623,505,Grand Plaza,London,Single,2024-05-15,2024-05-23,2024-05-03,812.02
624,424,Comfort Inn,New York,Single,2024-07-21,2024-07-22,2024-06-26,730.42
625,664,Oceanview Resort,New York,Single,2024-12-16,2024-12-17,2024-12-15,463.39
626,304,Comfort Inn,Toronto,Suite,2024-06-22,2024-06-23,2024-06-09,790.66
627,446,City Lights Hotel,Dubai,Double,2025-03-19,2025-03-25,2025-02-20,115.61
628,806,Grand Plaza,London,Suite,2024-07-31,2024-08-02,2024-07-07,904.94
629,49,City Lights Hotel,Dubai,Suite,2025-02-16,2025-02-20,2025-02-10,50.5
630,22,City Lights Hotel,Toronto,Double,2024-06-14,2024-06-16,2024-05-29,716.15
631,48,Grand Plaza,Sydney,Double,2025-03-16,2025-03-21,2025-02-23,136.08
632,955,City Lights Hotel,New York,Suite,2024-04-22,2024-04-29,2024-04-22,534.01
633,182,Oceanview Resort,London,Double,2024-03-27,2024-03-29,2024-03-22,207.92
634,243,Grand Plaza,Paris,Single,2024-04-25,2024-05-03,2024-04-01,793.4
635,912,City Lights Hotel,Paris,Single,2024-08-23,2024-09-01,2024-08-15,204.36
636,285,Comfort Inn,Tokyo,Single,2024-12-05,2024-12-12,2024-11-09,748.92
637,853,Oceanview Resort,New York,Suite,2025-03-15,2025-03-18,2025-02-24,147.09
638,537,Comfort Inn,London,Suite,2024-10-29,2024-10-30,2024-10-24,313.09
639,22,Grand Plaza,Dubai,Single,2024-10-10,2024-10-20,2024-09-14,465.29
640,653,Oceanview Resort,New York,Suite,2025-03-01,2025-03-03,2025-02-25,551.8
641,842,Oceanview Resort,Sydney,Suite,2024-05-11,2024-05-13,2024-05-05,366.09
642,982,City Lights Hotel,Toronto,Double,2025-03-20,2025-03-24,2025-02-21,924.62
643,193,City Lights Hotel,Tokyo,Suite,2024-08-02,2024-08-07,2024-07-21,414.86
644,620,Comfort Inn,New York,Double,2024-05-13,2024-05-14,2024-04-20,80.16
645,581,Comfort Inn,New York,Suite,2024-10-05,2024-10-14,2024-09-10,630.6
646,388,City Lights Hotel,New York,Double,2024-06-18,2024-06-28,2024-05-22,153.77
647,658,City Lights Hotel,London,Suite,2024-07-17,2024-07-20,2024-06-19,857.1
648,721,Grand Plaza,Dubai,Suite,2025-02-13,2025-02-22,2025-02-10,148.58
649,137,Oceanview Resort,Dubai,Suite,2024-04-05,2024-04-11,2024-03-31,768.46
650,79,City Lights Hotel,Paris,Double,2025-02-22,2025-02-26,2025-02-16,607.16
651,910,Comfort Inn,Paris,Suite,2024-10-25,2024-11-02,2024-10-12,501.13
652,893,Grand Plaza,Sydney,Single,2025-01-17,2025-01-18,2024-12-21,648.2
653,125,City Lights Hotel,Toronto,Suite,2024-08-07,2024-08-15,2024-07-21,237.09
654,72,City Lights Hotel,Dubai,Suite,2024-12-30,2025-01-03,2024-12-25,61.86
655,788,Grand Plaza,New York,Double,2025-02-24,2025-02-26,2025-01-26,656.45
656,153,Grand Plaza,Dubai,Single,2025-01-31,2025-02-06,2025-01-29,978.21
657,389,Comfort Inn,Toronto,Suite,2024-03-30,2024-04-07,2024-03-26,983.0
658,235,Comfort Inn,Toronto,Double,2025-01-08,2025-01-12,2024-12-22,136.31
659,175,City Lights Hotel,Toronto,Single,2024-08-16,2024-08-26,2024-08-07,563.72
660,354,Grand Plaza,New York,Single,2024-03-22,2024-03-27,2024-03-16,923.89
661,650,City Lights Hotel,Tokyo,Double,2024-10-15,2024-10-24,2024-10-01,92.67
662,960,Oceanview Resort,Sydney,Double,2024-06-17,2024-06-20,2024-06-05,792.41
663,677,Comfort Inn,London,Single,2025-03-09,2025-03-10,2025-03-04,258.15
664,729,City Lights Hotel,New York,Double,2024-11-20,2024-11-22,2024-10-29,260.84
665,761,Grand Plaza,Toronto,Double,2024-08-15,2024-08-19,2024-07-30,423.81
666,610,Comfort Inn,Toronto,Suite,2024-04-26,2024-05-02,2024-04-24,344.37
667,581,City Lights Hotel,Paris,Suite,2024-05-11,2024-05-20,2024-05-04,721.83
668,115,Grand Plaza,Dubai,Single,2024-07-23,2024-07-30,2024-06-29,164.74
669,912,Comfort Inn,London,Suite,2024-06-05,2024-06-06,2024-05-22,436.27
670,981,Grand Plaza,London,Single,2025-01-29,2025-02-01,2025-01-29,341.39
671,833,City Lights Hotel,Paris,Double,2025-02-16,2025-02-18,2025-01-23,698.81
672,130,Comfort Inn,New York,Single,2024-07-05,2024-07-14,2024-06-10,679.46
673,530,City Lights Hotel,Paris,Single,2024-05-25,2024-06-02,2024-05-03,360.13
674,775,Oceanview Resort,London,Double,2024-05-15,2024-05-16,2024-05-04,832.16
675,377,Oceanview Resort,Tokyo,Suite,2024-05-01,2024-05-08,2024-05-01,810.2
676,125,City Lights Hotel,Toronto,Single,2025-02-11,2025-02-13,2025-01-14,251.02
677,206,City Lights Hotel,Paris,Double,2024-12-23,2024-12-29,2024-12-19,546.64
678,244,Comfort Inn,Paris,Single,2025-01-07,2025-01-10,2025-01-01,290.39
679,482,Oceanview Resort,Sydney,Single,2025-01-07,2025-01-14,2024-12-31,717.74
680,603,City Lights Hotel,Paris,Suite,2025-01-24,2025-02-01,2025-01-11,52.99
681,524,Oceanview Resort,Tokyo,Single,2024-05-02,2024-05-06,2024-04-16,818.49
682,62,Oceanview Resort,Sydney,Single,2024-04-17,2024-04-22,2024-04-06,714.21
683,86,City Lights Hotel,Tokyo,Double,2025-02-03,2025-02-08,2025-01-19,628.36
684,575,Comfort Inn,Sydney,Suite,2025-01-01,2025-01-10,2024-12-10,910.96
685,267,Grand Plaza,Dubai,Single,2024-05-09,2024-05-10,2024-05-01,231.79
686,95,Comfort Inn,New York,Single,2024-12-17,2024-12-27,2024-12-08,653.8
687,789,Grand Plaza,Paris,Double,2024-04-15,2024-04-22,2024-04-09,356.05
688,714,Oceanview Resort,New York,Single,2024-06-22,2024-07-01,2024-06-11,187.39
689,953,City Lights Hotel,Dubai,Single,2024-11-27,2024-12-01,2024-11-16,478.9
690,722,Grand Plaza,Dubai,Double,2024-11-22,2024-11-25,2024-11-05,843.76
691,902,Oceanview Resort,New York,Single,2025-02-14,2025-02-21,2025-02-08,592.12
692,37,Grand Plaza,Paris,Single,2025-02-22,2025-03-04,2025-02-20,464.57
693,288,Oceanview Resort,Dubai,Double,2025-02-02,2025-02-03,2025-01-30,524.48
694,24,Oceanview Resort,Toronto,Suite,2025-03-16,2025-03-23,2025-03-08,723.21
695,510,City Lights Hotel,Toronto,Suite,2024-03-22,2024-03-29,2024-03-21,653.29
696,56,Oceanview Resort,Sydney,Double,2024-07-20,2024-07-30,2024-06-30,539.7
697,413,Oceanview Resort,Tokyo,Double,2024-08-21,2024-08-25,2024-08-15,175.78
698,661,City Lights Hotel,Paris,Single,2024-07-28,2024-07-30,2024-07-20,859.24
699,947,City Lights Hotel,Toronto,Single,2025-02-08,2025-02-15,2025-01-23,521.02
700,157,Oceanview Resort,Dubai,Suite,2024-11-16,2024-11-21,2024-10-18,562.88
701,281,Grand Plaza,Toronto,Double,2024-10-06,2024-10-16,2024-10-05,394.05
702,833,Oceanview Resort,Sydney,Double,2025-03-15,2025-03-16,2025-02-23,446.36
703,839,Grand Plaza,Toronto,Suite,2025-01-20,2025-01-28,2025-01-05,874.56
704,366,Oceanview Resort,London,Suite,2025-01-04,2025-01-10,2024-12-24,873.56
705,715,Oceanview Resort,Tokyo,Single,2024-09-05,2024-09-10,2024-08-26,450.67
706,879,Grand Plaza,New York,Double,2024-03-30,2024-04-03,2024-03-25,359.37
707,392,Oceanview Resort,London,Double,2024-12-22,2025-01-01,2024-12-22,69.07
708,135,Grand Plaza,London,Double,2025-01-11,2025-01-18,2024-12-18,989.4
709,785,Comfort Inn,Tokyo,Single,2025-03-03,2025-03-06,2025-02-27,921.91
710,688,Oceanview Resort,New York,Suite,2024-07-17,2024-07-25,2024-07-04,344.96
711,183,Comfort Inn,London,Single,2024-10-20,2024-10-25,2024-09-27,232.09
712,943,Comfort Inn,Toronto,Suite,2024-10-12,2024-10-18,2024-09-30,253.01
713,892,Grand Plaza,Sydney,Single,2025-01-18,2025-01-19,2024-12-20,876.4
714,86,Oceanview Resort,Dubai,Suite,2024-08-09,2024-08-15,2024-07-31,275.39
715,754,Grand Plaza,New York,Suite,2024-04-04,2024-04-10,2024-03-18,916.86
716,224,Comfort Inn,Toronto,Single,2024-05-29,2024-06-06,2024-05-02,457.63
717,170,Grand Plaza,New York,Double,2024-08-06,2024-08-08,2024-07-24,932.95
718,178,City Lights Hotel,London,Suite,2024-10-04,2024-10-12,2024-09-10,901.77
719,986,Oceanview Resort,Paris,Double,2024-07-23,2024-07-30,2024-07-08,954.16
720,693,Oceanview Resort,Paris,Single,2024-05-21,2024-05-22,2024-04-25,751.06
721,440,Grand Plaza,Sydney,Suite,2025-02-23,2025-03-03,2025-01-26,323.68
722,758,Comfort Inn,London,Suite,2024-10-21,2024-10-31,2024-09-23,727.99
723,124,Oceanview Resort,Sydney,Double,2024-08-28,2024-08-29,2024-08-14,94.78
724,426,Comfort Inn,Paris,Suite,2024-11-10,2024-11-15,2024-10-29,125.44
725,595,City Lights Hotel,Sydney,Suite,2024-06-11,2024-06-16,2024-05-23,991.93
726,352,Grand Plaza,Paris,Suite,2024-10-21,2024-10-29,2024-10-07,179.8
727,856,Grand Plaza,Dubai,Suite,2025-02-10,2025-02-14,2025-02-05,948.94
728,434,Grand Plaza,Paris,Double,2024-12-13,2024-12-18,2024-11-26,120.84
729,10,Grand Plaza,Sydney,Suite,2025-01-03,2025-01-10,2024-12-12,417.98
730,784,Grand Plaza,Tokyo,Single,2024-04-25,2024-04-28,2024-03-28,819.7
731,478,Oceanview Resort,Sydney,Single,2024-04-09,2024-04-15,2024-03-29,860.83
732,318,Comfort Inn,Dubai,Double,2024-10-04,2024-10-05,2024-09-08,832.67
733,316,Oceanview Resort,London,Double,2024-05-10,2024-05-20,2024-04-25,539.13
734,495,City Lights Hotel,Paris,Double,2024-08-20,2024-08-21,2024-08-11,625.33
735,375,Comfort Inn,London,Single,2025-02-19,2025-02-27,2025-02-17,921.28
736,914,Comfort Inn,Paris,Suite,2024-11-19,2024-11-25,2024-11-16,557.93
737,550,City Lights Hotel,Sydney,Suite,2024-09-03,2024-09-06,2024-08-17,833.67
738,699,Comfort Inn,Toronto,Suite,2024-08-22,2024-08-29,2024-08-04,632.86
739,204,Comfort Inn,Paris,Single,2025-01-08,2025-01-12,2025-01-03,60.46
740,194,City Lights Hotel,Tokyo,Single,2024-08-05,2024-08-14,2024-07-15,616.19
741,773,Oceanview Resort,Sydney,Double,2024-09-28,2024-10-07,2024-09-03,187.47
742,2,Grand Plaza,Toronto,Single,2024-11-18,2024-11-21,2024-10-31,622.45
743,989,Comfort Inn,Dubai,Suite,2025-01-03,2025-01-07,2024-12-08,637.13
744,462,Grand Plaza,London,Double,2024-09-18,2024-09-27,2024-08-20,756.89
745,308,Comfort Inn,Tokyo,Suite,2024-12-28,2024-12-30,2024-12-12,436.41
746,687,City Lights Hotel,Tokyo,Double,2024-10-04,2024-10-09,2024-09-25,877.96
747,944,Grand Plaza,Paris,Single,2024-05-24,2024-05-26,2024-05-04,858.11
748,676,Grand Plaza,Paris,Double,2024-11-02,2024-11-04,2024-10-15,145.27
749,140,Oceanview Resort,Toronto,Double,2024-10-30,2024-11-07,2024-10-01,95.02
750,197,Comfort Inn,London,Single,2024-12-26,2025-01-04,2024-11-28,438.49
751,583,Oceanview Resort,Toronto,Double,2024-07-18,2024-07-22,2024-07-06,910.28
752,143,Comfort Inn,Paris,Single,2025-03-15,2025-03-19,2025-02-16,995.88
753,608,Oceanview Resort,Sydney,Double,2024-07-01,2024-07-03,2024-06-05,700.03
754,416,Grand Plaza,New York,Suite,2024-03-26,2024-03-28,2024-03-12,228.75
755,415,Grand Plaza,Dubai,Single,2024-09-14,2024-09-20,2024-08-31,365.72
756,432,City Lights Hotel,Tokyo,Suite,2025-01-28,2025-02-07,2025-01-26,419.47
757,426,Grand Plaza,London,Double,2024-09-17,2024-09-27,2024-09-09,567.34
758,227,Grand Plaza,Tokyo,Single,2024-09-05,2024-09-09,2024-08-17,611.63
759,841,Grand Plaza,New York,Double,2024-06-02,2024-06-06,2024-05-23,924.9
760,943,Grand Plaza,London,Suite,2025-01-25,2025-01-26,2024-12-29,437.0
761,100,Grand Plaza,Toronto,Double,2024-04-20,2024-04-28,2024-04-04,866.03
762,984,Comfort Inn,Toronto,Double,2024-08-31,2024-09-05,2024-08-23,390.86
763,879,City Lights Hotel,London,Suite,2024-12-31,2025-01-09,2024-12-24,608.08
764,921,Grand Plaza,Sydney,Single,2024-12-06,2024-12-10,2024-11-11,62.84
765,590,Grand Plaza,London,Single,2024-06-10,2024-06-11,2024-05-24,878.15
766,39,Grand Plaza,Tokyo,Single,2024-04-28,2024-05-06,2024-03-31,316.33
767,510,Grand Plaza,Toronto,Suite,2024-04-10,2024-04-20,2024-04-01,408.31
768,534,Grand Plaza,London,Double,2024-05-26,2024-06-01,2024-05-19,114.05
769,991,City Lights Hotel,Tokyo,Double,2025-03-06,2025-03-15,2025-03-01,393.67
770,805,City Lights Hotel,Paris,Single,2024-08-02,2024-08-07,2024-07-05,535.47
771,235,Grand Plaza,New York,Double,2024-10-21,2024-10-24,2024-10-20,614.42
772,952,Comfort Inn,Paris,Single,2025-03-28,2025-04-01,2025-03-04,933.7
773,880,Oceanview Resort,Dubai,Suite,2024-11-19,2024-11-20,2024-10-23,580.62
774,999,Grand Plaza,Tokyo,Suite,2025-02-03,2025-02-06,2025-02-03,412.42
775,996,City Lights Hotel,London,Double,2024-06-29,2024-07-06,2024-06-19,988.82
776,785,Oceanview Resort,Toronto,Single,2024-07-24,2024-07-31,2024-06-25,723.08
777,188,City Lights Hotel,Toronto,Double,2024-04-01,2024-04-03,2024-03-16,792.62
778,652,City Lights Hotel,Dubai,Single,2025-02-26,2025-03-01,2025-02-21,746.01
779,530,Comfort Inn,Sydney,Double,2024-06-26,2024-06-28,2024-06-02,277.78
780,274,Grand Plaza,New York,Single,2025-01-01,2025-01-11,2024-12-14,629.63
781,928,Comfort Inn,Tokyo,Suite,2025-01-20,2025-01-28,2025-01-11,349.38
782,259,Comfort Inn,Dubai,Double,2025-02-21,2025-03-02,2025-02-13,207.94
783,819,City Lights Hotel,Tokyo,Suite,2024-03-25,2024-03-29,2024-03-16,868.41
784,652,Oceanview Resort,Sydney,Suite,2024-04-24,2024-04-25,2024-04-11,199.16
785,593,Comfort Inn,Tokyo,Suite,2024-09-03,2024-09-06,2024-08-07,879.53
786,465,City Lights Hotel,Tokyo,Single,2024-11-06,2024-11-10,2024-10-12,184.44
787,875,Grand Plaza,Dubai,Single,2024-12-27,2025-01-02,2024-12-17,915.41
788,225,Grand Plaza,London,Suite,2025-02-26,2025-03-05,2025-02-26,244.54
789,515,Grand Plaza,London,Double,2024-12-26,2024-12-27,2024-11-30,217.14
790,890,Grand Plaza,Sydney,Suite,2024-11-29,2024-12-02,2024-11-20,376.22
791,163,City Lights Hotel,Paris,Double,2025-02-08,2025-02-14,2025-01-29,188.68
792,827,Comfort Inn,Toronto,Single,2024-09-29,2024-10-02,2024-09-02,862.02
793,560,Grand Plaza,Dubai,Single,2024-08-26,2024-08-28,2024-07-29,535.76
794,58,Comfort Inn,New York,Single,2024-11-21,2024-11-26,2024-11-15,111.96
795,783,Comfort Inn,Paris,Single,2024-04-12,2024-04-18,2024-04-04,741.34
796,614,Comfort Inn,Toronto,Double,2025-03-08,2025-03-10,2025-02-20,845.74
797,432,Grand Plaza,Sydney,Single,2024-11-07,2024-11-13,2024-11-04,744.93
798,254,Comfort Inn,London,Single,2024-04-10,2024-04-11,2024-03-27,506.94
799,935,Grand Plaza,Toronto,Single,2024-04-25,2024-04-29,2024-04-12,223.82
800,991,Comfort Inn,Toronto,Suite,2024-09-25,2024-09-29,2024-09-14,438.39
801,254,Oceanview Resort,Dubai,Double,2025-02-16,2025-02-24,2025-01-30,614.1
802,779,City Lights Hotel,Sydney,Double,2024-05-06,2024-05-12,2024-05-03,792.24
803,646,Comfort Inn,London,Suite,2024-11-28,2024-12-08,2024-11-20,669.43
804,720,City Lights Hotel,Tokyo,Suite,2025-03-14,2025-03-18,2025-02-25,779.83
805,192,Comfort Inn,Sydney,Double,2024-06-13,2024-06-19,2024-06-02,615.71
806,870,City Lights Hotel,New York,Suite,2025-01-26,2025-02-02,2025-01-24,496.53
807,239,Grand Plaza,New York,Single,2024-07-27,2024-07-30,2024-07-09,757.88
808,137,Oceanview Resort,London,Suite,2024-07-03,2024-07-05,2024-06-28,334.08
809,789,Comfort Inn,Paris,Single,2024-11-04,2024-11-14,2024-11-03,261.52
810,567,Oceanview Resort,Sydney,Suite,2024-09-09,2024-09-19,2024-08-15,916.35
811,114,City Lights Hotel,Toronto,Double,2024-11-12,2024-11-15,2024-10-26,221.91
812,113,City Lights Hotel,Toronto,Double,2024-06-19,2024-06-26,2024-05-31,981.16
813,414,Oceanview Resort,Toronto,Single,2024-11-16,2024-11-25,2024-11-16,454.28
814,647,Oceanview Resort,Paris,Single,2024-06-13,2024-06-15,2024-06-02,404.12
815,586,Grand Plaza,Toronto,Suite,2025-01-24,2025-02-01,2025-01-15,762.88
816,511,Oceanview Resort,Paris,Single,2024-05-21,2024-05-31,2024-05-10,984.85
817,991,City Lights Hotel,Paris,Suite,2024-11-20,2024-11-22,2024-11-10,646.17
818,36,Comfort Inn,London,Single,2025-02-10,2025-02-11,2025-01-21,703.86
819,525,Grand Plaza,Toronto,Single,2024-04-13,2024-04-15,2024-03-16,993.2
820,624,Oceanview Resort,Toronto,Single,2025-02-22,2025-02-23,2025-01-31,507.35
821,388,Grand Plaza,Tokyo,Suite,2024-08-25,2024-09-02,2024-07-28,466.23
822,125,Grand Plaza,New York,Double,2024-12-01,2024-12-08,2024-11-22,165.41
823,606,Grand Plaza,Paris,Double,2024-11-12,2024-11-22,2024-10-27,183.04
824,472,Comfort Inn,Dubai,Single,2024-11-24,2024-11-28,2024-11-08,774.41
825,810,Oceanview Resort,London,Suite,2024-06-13,2024-06-15,2024-05-16,919.11
826,727,Oceanview Resort,London,Single,2024-05-22,2024-05-23,2024-05-06,471.83
827,173,City Lights Hotel,London,Single,2024-09-05,2024-09-12,2024-08-07,170.25
828,278,Oceanview Resort,Paris,Suite,2024-12-20,2024-12-27,2024-12-12,983.67
829,168,Oceanview Resort,Paris,Suite,2024-04-18,2024-04-22,2024-04-08,188.17
830,105,Grand Plaza,Sydney,Suite,2024-09-18,2024-09-22,2024-09-06,480.05
831,90,Comfort Inn,Toronto,Single,2024-06-20,2024-06-22,2024-06-18,147.9
832,435,Comfort Inn,London,Suite,2024-03-25,2024-04-01,2024-03-09,263.31
833,587,Oceanview Resort,Dubai,Single,2024-12-30,2025-01-03,2024-12-20,906.23
834,547,Comfort Inn,London,Single,2025-03-05,2025-03-14,2025-02-08,913.84
835,889,Oceanview Resort,Paris,Double,2024-10-14,2024-10-15,2024-09-26,618.55
836,721,Comfort Inn,Sydney,Double,2025-01-17,2025-01-21,2025-01-06,411.55
837,263,Grand Plaza,Sydney,Single,2024-04-28,2024-05-01,2024-04-17,805.29
838,66,Comfort Inn,Paris,Suite,2024-11-27,2024-12-01,2024-11-17,680.94
839,161,Comfort Inn,Dubai,Double,2025-02-04,2025-02-09,2025-01-27,346.82
840,215,Grand Plaza,Toronto,Suite,2024-09-02,2024-09-05,2024-08-07,638.82
841,141,Grand Plaza,Sydney,Single,2025-01-09,2025-01-18,2025-01-09,730.11
842,677,Grand Plaza,Tokyo,Double,2024-10-09,2024-10-10,2024-10-03,304.27
843,424,Grand Plaza,Paris,Single,2024-06-14,2024-06-18,2024-05-30,617.17
844,66,City Lights Hotel,New York,Suite,2024-11-20,2024-11-29,2024-10-23,412.63
845,278,Comfort Inn,Toronto,Single,2024-10-31,2024-11-07,2024-10-04,527.44
846,498,City Lights Hotel,Toronto,Single,2024-06-25,2024-07-05,2024-06-20,691.34
847,416,Grand Plaza,Sydney,Double,2024-12-07,2024-12-12,2024-11-22,306.29
848,998,Comfort Inn,Toronto,Suite,2025-02-14,2025-02-20,2025-01-29,746.11
849,797,Comfort Inn,Toronto,Single,2024-10-29,2024-11-02,2024-10-10,777.71
850,330,City Lights Hotel,Tokyo,Double,2025-03-14,2025-03-24,2025-03-08,320.52
851,586,City Lights Hotel,Toronto,Suite,2025-02-01,2025-02-09,2025-01-24,440.87
852,842,City Lights Hotel,Dubai,Double,2024-06-18,2024-06-19,2024-06-11,670.68
853,629,Comfort Inn,Tokyo,Suite,2024-10-26,2024-11-03,2024-10-26,389.91
854,251,City Lights Hotel,London,Double,2025-02-20,2025-02-28,2025-01-24,494.27
855,674,Grand Plaza,Sydney,Single,2024-10-03,2024-10-07,2024-09-22,161.65
856,11,Grand Plaza,Tokyo,Suite,2024-10-03,2024-10-07,2024-09-27,699.17
857,645,Grand Plaza,Sydney,Single,2024-04-21,2024-05-01,2024-04-09,208.14
858,229,Oceanview Resort,Paris,Single,2024-05-08,2024-05-18,2024-04-23,437.75
859,361,City Lights Hotel,Toronto,Single,2024-12-27,2025-01-03,2024-12-09,543.73
860,33,Comfort Inn,Paris,Single,2024-04-21,2024-04-25,2024-04-11,956.2
861,705,Oceanview Resort,Tokyo,Suite,2024-11-10,2024-11-13,2024-10-25,502.69
862,852,Oceanview Resort,Toronto,Single,2024-08-27,2024-09-04,2024-08-14,67.71
863,592,Grand Plaza,Tokyo,Suite,2024-04-11,2024-04-20,2024-03-22,835.62
864,84,Oceanview Resort,Paris,Suite,2024-06-18,2024-06-23,2024-06-14,241.71
865,806,Oceanview Resort,Sydney,Double,2024-08-14,2024-08-17,2024-07-31,311.65
866,908,Comfort Inn,New York,Single,2025-02-05,2025-02-08,2025-01-18,982.25
867,718,Grand Plaza,Tokyo,Single,2024-12-04,2024-12-13,2024-11-06,555.73
868,468,City Lights Hotel,Sydney,Suite,2025-03-04,2025-03-14,2025-02-08,833.06
869,171,City Lights Hotel,New York,Single,2024-05-10,2024-05-18,2024-04-13,970.75
870,507,City Lights Hotel,Paris,Single,2024-07-03,2024-07-07,2024-07-03,598.92
871,848,Grand Plaza,New York,Suite,2025-02-11,2025-02-16,2025-01-19,374.51
872,791,Grand Plaza,Tokyo,Single,2024-06-20,2024-06-30,2024-05-30,235.04
873,321,Oceanview Resort,New York,Double,2024-12-03,2024-12-06,2024-11-11,146.66
874,979,Oceanview Resort,Tokyo,Suite,2024-07-24,2024-07-30,2024-06-28,210.47
875,307,Comfort Inn,Dubai,Suite,2024-07-03,2024-07-11,2024-06-22,202.04
876,409,Grand Plaza,Dubai,Suite,2024-12-12,2024-12-22,2024-12-01,159.71
877,847,City Lights Hotel,Toronto,Suite,2024-04-18,2024-04-21,2024-04-07,186.43
878,71,Comfort Inn,London,Double,2024-08-28,2024-09-07,2024-08-19,566.36
879,290,Comfort Inn,Toronto,Single,2024-04-25,2024-04-30,2024-04-12,844.95
880,483,Oceanview Resort,Tokyo,Double,2024-11-15,2024-11-19,2024-11-03,359.78
881,183,Comfort Inn,Toronto,Suite,2025-03-11,2025-03-17,2025-03-04,728.43
882,549,Oceanview Resort,Dubai,Single,2024-06-04,2024-06-07,2024-05-20,243.86
883,539,Grand Plaza,Dubai,Single,2024-08-08,2024-08-12,2024-07-25,899.12
884,798,City Lights Hotel,London,Double,2024-07-28,2024-08-01,2024-07-16,945.71
885,455,City Lights Hotel,Tokyo,Single,2025-02-21,2025-02-23,2025-02-17,875.7
886,375,City Lights Hotel,Toronto,Double,2024-05-05,2024-05-13,2024-04-11,267.18
887,49,Grand Plaza,Sydney,Single,2024-08-19,2024-08-22,2024-08-01,492.94
888,624,City Lights Hotel,Dubai,Suite,2024-12-03,2024-12-07,2024-11-21,527.2
889,609,Comfort Inn,Toronto,Double,2024-07-23,2024-07-27,2024-06-28,556.21
890,74,Comfort Inn,Dubai,Single,2025-01-24,2025-02-01,2025-01-21,251.8
891,691,Grand Plaza,London,Suite,2024-04-06,2024-04-07,2024-04-06,258.19
892,510,Oceanview Resort,Sydney,Single,2024-06-03,2024-06-05,2024-05-21,683.89
893,849,Comfort Inn,Paris,Suite,2024-11-30,2024-12-07,2024-11-18,170.32
894,877,City Lights Hotel,Sydney,Double,2024-05-24,2024-06-01,2024-04-25,126.05
895,660,Comfort Inn,London,Double,2024-08-10,2024-08-18,2024-08-02,693.19
896,245,Grand Plaza,Dubai,Double,2025-02-23,2025-03-05,2025-02-22,954.51
897,623,Grand Plaza,Paris,Double,2024-08-30,2024-09-01,2024-08-11,153.23
898,413,Comfort Inn,New York,Suite,2025-02-21,2025-03-02,2025-02-07,250.65
899,806,Grand Plaza,London,Suite,2024-10-31,2024-11-09,2024-10-31,265.67
900,642,Comfort Inn,Dubai,Suite,2024-11-17,2024-11-24,2024-11-12,780.68
901,566,Oceanview Resort,New York,Single,2025-02-23,2025-03-04,2025-01-29,269.04
902,739,Grand Plaza,Tokyo,Single,2024-12-31,2025-01-02,2024-12-08,945.41
903,732,City Lights Hotel,Tokyo,Suite,2025-01-15,2025-01-18,2025-01-03,166.74
904,738,Grand Plaza,Dubai,Double,2024-11-29,2024-12-01,2024-11-20,512.55
905,554,Oceanview Resort,New York,Double,2025-01-19,2025-01-28,2025-01-08,172.59
906,112,City Lights Hotel,Sydney,Single,2024-06-11,2024-06-14,2024-05-26,151.54
907,735,Comfort Inn,New York,Single,2024-10-25,2024-10-29,2024-10-07,690.48
908,601,Grand Plaza,Sydney,Single,2025-01-09,2025-01-11,2024-12-22,622.79
909,200,Comfort Inn,Toronto,Single,2024-11-12,2024-11-18,2024-10-17,950.28
910,302,City Lights Hotel,Paris,Suite,2024-08-18,2024-08-21,2024-07-24,440.69
911,456,Comfort Inn,Toronto,Single,2024-05-05,2024-05-09,2024-04-23,338.92
912,151,City Lights Hotel,Tokyo,Suite,2024-04-10,2024-04-15,2024-03-17,160.14
913,900,Comfort Inn,Dubai,Double,2024-07-13,2024-07-23,2024-06-21,257.95
914,818,Comfort Inn,Tokyo,Suite,2024-05-01,2024-05-08,2024-04-26,236.96
915,338,City Lights Hotel,Sydney,Double,2025-01-18,2025-01-24,2025-01-03,470.93
916,926,City Lights Hotel,Sydney,Suite,2025-03-15,2025-03-17,2025-02-14,734.95
917,651,City Lights Hotel,New York,Single,2024-06-20,2024-06-21,2024-06-07,149.27
918,91,City Lights Hotel,Dubai,Double,2024-07-14,2024-07-16,2024-07-04,892.43
919,189,Comfort Inn,London,Double,2024-11-10,2024-11-13,2024-11-01,495.52
920,457,Grand Plaza,Paris,Single,2024-12-27,2024-12-30,2024-12-25,693.03
921,156,Comfort Inn,Dubai,Suite,2024-03-21,2024-03-23,2024-03-16,140.31
922,156,Comfort Inn,Toronto,Double,2024-06-11,2024-06-21,2024-06-04,198.75
923,563,Comfort Inn,Dubai,Suite,2024-11-23,2024-11-28,2024-11-19,174.92
924,783,Comfort Inn,Sydney,Single,2024-08-30,2024-09-05,2024-08-25,773.04
925,648,Grand Plaza,Paris,Single,2024-10-15,2024-10-20,2024-09-23,329.92
926,442,Grand Plaza,London,Suite,2024-05-07,2024-05-11,2024-04-19,260.96
927,509,City Lights Hotel,Dubai,Double,2025-02-01,2025-02-11,2025-01-21,823.41
928,823,City Lights Hotel,Toronto,Double,2024-09-04,2024-09-13,2024-08-23,611.2
929,141,Comfort Inn,London,Double,2024-09-02,2024-09-06,2024-09-01,908.49
930,457,Oceanview Resort,Toronto,Single,2025-03-03,2025-03-13,2025-02-26,572.1
931,721,Grand Plaza,Sydney,Double,2024-08-08,2024-08-17,2024-07-28,905.2
932,491,Grand Plaza,Dubai,Suite,2025-03-06,2025-03-09,2025-02-16,50.19
933,848,Comfort Inn,Toronto,Single,2024-08-02,2024-08-03,2024-07-28,870.3
934,109,Oceanview Resort,Sydney,Suite,2024-12-07,2024-12-09,2024-11-09,58.99
935,374,Oceanview Resort,New York,Single,2024-12-22,2024-12-28,2024-12-22,214.75
936,947,Oceanview Resort,New York,Suite,2024-11-12,2024-11-15,2024-10-15,352.24
937,929,Oceanview Resort,New York,Double,2025-03-16,2025-03-17,2025-03-04,278.29
938,242,City Lights Hotel,London,Suite,2024-10-05,2024-10-12,2024-09-10,952.41
939,166,Grand Plaza,Tokyo,Double,2025-03-29,2025-04-06,2025-03-09,728.54
940,532,Oceanview Resort,London,Suite,2024-11-27,2024-12-01,2024-11-27,897.9
941,385,Grand Plaza,Dubai,Single,2025-03-14,2025-03-20,2025-02-25,76.13
942,590,City Lights Hotel,Tokyo,Double,2024-11-19,2024-11-24,2024-11-02,695.21
943,586,Comfort Inn,Paris,Double,2024-06-20,2024-06-30,2024-05-23,88.73
944,875,Comfort Inn,Sydney,Double,2024-11-16,2024-11-18,2024-11-08,101.99
945,209,City Lights Hotel,Tokyo,Suite,2024-08-27,2024-09-02,2024-08-15,377.85
946,279,City Lights Hotel,Toronto,Double,2024-08-14,2024-08-16,2024-07-19,898.45
947,982,Grand Plaza,Paris,Single,2025-01-10,2025-01-16,2025-01-01,784.0
948,908,Oceanview Resort,Paris,Double,2024-06-30,2024-07-04,2024-06-24,99.68
949,539,Grand Plaza,London,Double,2024-03-27,2024-04-06,2024-03-13,855.01
950,791,City Lights Hotel,London,Single,2025-01-03,2025-01-07,2025-01-03,884.22
951,468,City Lights Hotel,Paris,Single,2024-05-15,2024-05-22,2024-05-05,212.38
952,164,Oceanview Resort,London,Single,2024-05-19,2024-05-26,2024-05-02,239.57
953,19,Grand Plaza,Tokyo,Double,2024-04-03,2024-04-08,2024-03-19,863.76
954,755,City Lights Hotel,Toronto,Double,2024-08-16,2024-08-22,2024-07-24,339.43
955,995,Oceanview Resort,New York,Double,2024-05-25,2024-06-03,2024-05-01,295.68
956,794,Oceanview Resort,Tokyo,Suite,2024-10-08,2024-10-12,2024-09-23,254.26
957,853,Comfort Inn,Toronto,Double,2025-02-15,2025-02-21,2025-01-23,773.43
958,811,Oceanview Resort,Dubai,Single,2024-07-14,2024-07-22,2024-06-21,917.1
959,998,Oceanview Resort,Tokyo,Single,2024-07-23,2024-07-26,2024-07-19,380.79
960,545,Grand Plaza,Sydney,Suite,2024-12-17,2024-12-22,2024-11-27,787.88
961,7,City Lights Hotel,London,Single,2024-06-03,2024-06-13,2024-05-20,933.33
962,279,City Lights Hotel,Paris,Single,2024-07-31,2024-08-10,2024-07-31,600.78
963,389,Grand Plaza,Sydney,Single,2024-11-04,2024-11-10,2024-10-09,624.08
964,491,Oceanview Resort,New York,Double,2025-02-19,2025-02-28,2025-02-18,102.79
965,536,Oceanview Resort,Sydney,Suite,2024-05-12,2024-05-13,2024-04-13,901.38
966,129,Grand Plaza,New York,Single,2025-03-16,2025-03-21,2025-03-08,808.33
967,430,Comfort Inn,Sydney,Single,2024-08-10,2024-08-14,2024-08-07,943.38
968,700,City Lights Hotel,Tokyo,Suite,2025-02-01,2025-02-10,2025-01-31,580.5
969,321,Grand Plaza,London,Single,2024-08-21,2024-08-25,2024-08-11,460.43
970,745,Grand Plaza,Sydney,Suite,2024-05-18,2024-05-27,2024-05-17,752.74
971,39,Grand Plaza,Toronto,Suite,2024-09-10,2024-09-16,2024-08-13,940.62
972,976,Grand Plaza,London,Suite,2025-03-08,2025-03-13,2025-02-17,944.68
973,777,City Lights Hotel,London,Single,2024-07-17,2024-07-18,2024-06-20,87.42
974,211,Grand Plaza,Paris,Single,2024-06-16,2024-06-25,2024-06-08,633.69
975,447,Grand Plaza,Tokyo,Double,2024-08-13,2024-08-19,2024-08-09,236.73
976,681,Oceanview Resort,Toronto,Suite,2025-03-15,2025-03-17,2025-02-27,939.81
977,319,Comfort Inn,Toronto,Single,2024-08-27,2024-09-06,2024-08-08,423.06
978,464,Grand Plaza,Toronto,Double,2024-05-13,2024-05-20,2024-04-20,471.93
979,538,Grand Plaza,Paris,Suite,2024-06-13,2024-06-14,2024-05-21,198.19
980,131,City Lights Hotel,New York,Suite,2024-07-14,2024-07-22,2024-07-01,878.36
981,785,City Lights Hotel,London,Single,2024-12-15,2024-12-24,2024-11-19,979.47
982,507,Comfort Inn,London,Suite,2024-10-03,2024-10-11,2024-10-03,268.12
983,287,Comfort Inn,Toronto,Single,2025-02-09,2025-02-14,2025-01-11,391.55
984,591,Oceanview Resort,Dubai,Single,2024-07-19,2024-07-26,2024-07-17,154.12
985,226,Oceanview Resort,Dubai,Suite,2024-12-13,2024-12-16,2024-11-21,846.9
986,27,Oceanview Resort,New York,Suite,2024-08-15,2024-08-25,2024-08-13,360.26
987,700,Grand Plaza,Paris,Double,2025-03-05,2025-03-06,2025-02-07,132.29
988,371,Oceanview Resort,Dubai,Double,2025-02-01,2025-02-11,2025-01-23,183.17
989,603,City Lights Hotel,Tokyo,Double,2025-03-19,2025-03-24,2025-03-03,245.85
990,385,Comfort Inn,Dubai,Suite,2024-10-09,2024-10-19,2024-10-06,114.9
991,330,Grand Plaza,Dubai,Single,2025-02-14,2025-02-22,2025-01-29,780.38
992,55,City Lights Hotel,Sydney,Double,2024-09-27,2024-09-30,2024-08-31,595.83
993,654,City Lights Hotel,Sydney,Single,2024-11-24,2024-11-30,2024-11-08,817.15
994,920,Grand Plaza,Toronto,Suite,2024-09-28,2024-09-29,2024-09-03,956.04
995,540,Oceanview Resort,Dubai,Suite,2025-01-27,2025-02-04,2025-01-14,535.52
996,313,City Lights Hotel,Tokyo,Single,2025-01-16,2025-01-24,2024-12-20,830.94
997,924,Grand Plaza,New York,Suite,2024-03-23,2024-04-02,2024-03-18,580.9
998,370,Grand Plaza,Sydney,Double,2024-08-09,2024-08-13,2024-08-03,144.21
999,281,City Lights Hotel,New York,Double,2024-04-24,2024-04-29,2024-04-04,555.0
1000,106,City Lights Hotel,Toronto,Double,2025-02-15,2025-02-22,2025-02-11,228.29
